id, noc_id, src, dest, dataw, hops, t_init, t_packet, t_inject, t_eject, t_depacket, t_receive, latency
1232, 0, 14, 1, 512, 5, 11820, 11825, 11822, 11851, 11855, 11860, 40
1231, 0, 14, 1, 512, 5, 11810, 11815, 11812, 11841, 11845, 11850, 40
1230, 0, 14, 1, 512, 5, 11800, 11805, 11802, 11831, 11835, 11840, 40
1229, 0, 14, 1, 512, 5, 11790, 11795, 11792, 11821, 11825, 11830, 40
1228, 0, 14, 1, 512, 5, 11780, 11785, 11782, 11811, 11815, 11820, 40
1227, 0, 14, 1, 512, 5, 11770, 11775, 11772, 11801, 11805, 11810, 40
1226, 0, 14, 1, 512, 5, 11760, 11765, 11762, 11791, 11795, 11800, 40
1225, 0, 14, 1, 512, 5, 11750, 11755, 11752, 11781, 11785, 11790, 40
1224, 0, 9, 14, 512, 3, 11650, 11655, 11652, 11671, 11675, 11680, 30
1223, 0, 9, 14, 512, 3, 11640, 11645, 11642, 11661, 11665, 11670, 30
1222, 0, 9, 14, 512, 3, 11630, 11635, 11632, 11651, 11655, 11660, 30
1221, 0, 9, 14, 512, 3, 11620, 11625, 11622, 11641, 11645, 11650, 30
1220, 0, 9, 14, 512, 3, 11610, 11615, 11612, 11631, 11635, 11640, 30
1219, 0, 9, 14, 512, 3, 11600, 11605, 11602, 11621, 11625, 11630, 30
1218, 0, 9, 14, 512, 3, 11590, 11595, 11592, 11611, 11615, 11620, 30
1217, 0, 9, 14, 512, 3, 11580, 11585, 11582, 11601, 11605, 11610, 30
1216, 0, 13, 14, 512, 2, 11285, 11290, 11287, 11301, 11305, 11310, 25
1215, 0, 13, 9, 512, 2, 11275, 11280, 11277, 11291, 11295, 11300, 25
1214, 0, 13, 14, 512, 2, 11265, 11270, 11267, 11281, 11285, 11290, 25
1213, 0, 13, 9, 512, 2, 11255, 11260, 11257, 11271, 11275, 11280, 25
1212, 0, 13, 14, 512, 2, 11245, 11250, 11247, 11261, 11265, 11270, 25
1211, 0, 13, 9, 512, 2, 11235, 11240, 11237, 11251, 11255, 11260, 25
1210, 0, 13, 14, 512, 2, 11225, 11230, 11227, 11241, 11245, 11250, 25
1209, 0, 13, 9, 512, 2, 11215, 11220, 11217, 11231, 11235, 11240, 25
1208, 0, 13, 14, 512, 2, 11205, 11210, 11207, 11221, 11225, 11230, 25
1207, 0, 13, 9, 512, 2, 11195, 11200, 11197, 11211, 11215, 11220, 25
1206, 0, 13, 14, 512, 2, 11185, 11190, 11187, 11201, 11205, 11210, 25
1205, 0, 13, 9, 512, 2, 11175, 11180, 11177, 11191, 11195, 11200, 25
1204, 0, 13, 14, 512, 2, 11165, 11170, 11167, 11181, 11185, 11190, 25
1203, 0, 13, 9, 512, 2, 11155, 11160, 11157, 11171, 11175, 11180, 25
1202, 0, 13, 14, 512, 2, 11145, 11150, 11147, 11161, 11165, 11170, 25
1201, 0, 13, 9, 512, 2, 11135, 11140, 11137, 11151, 11155, 11160, 25
1200, 0, 4, 13, 512, 4, 11110, 11115, 11112, 11136, 11140, 11145, 35
1199, 0, 4, 13, 512, 4, 11100, 11105, 11102, 11126, 11130, 11135, 35
1198, 0, 4, 13, 512, 4, 11090, 11095, 11092, 11116, 11120, 11125, 35
1197, 0, 4, 13, 512, 4, 11080, 11085, 11082, 11106, 11110, 11115, 35
1196, 0, 4, 13, 512, 4, 11070, 11075, 11072, 11096, 11100, 11105, 35
1195, 0, 4, 13, 512, 4, 11060, 11065, 11062, 11086, 11090, 11095, 35
1194, 0, 4, 13, 512, 4, 11050, 11055, 11052, 11076, 11080, 11085, 35
1193, 0, 4, 13, 512, 4, 11040, 11045, 11042, 11066, 11070, 11075, 35
1192, 0, 4, 13, 512, 4, 11030, 11035, 11032, 11056, 11060, 11065, 35
1191, 0, 4, 13, 512, 4, 11020, 11025, 11022, 11046, 11050, 11055, 35
1190, 0, 4, 13, 512, 4, 11010, 11015, 11012, 11036, 11040, 11045, 35
1189, 0, 4, 13, 512, 4, 11000, 11005, 11002, 11026, 11030, 11035, 35
1188, 0, 4, 13, 512, 4, 10990, 10995, 10992, 11016, 11020, 11025, 35
1187, 0, 4, 13, 512, 4, 10980, 10985, 10982, 11006, 11010, 11015, 35
1186, 0, 4, 13, 512, 4, 10970, 10975, 10972, 10996, 11000, 11005, 35
1185, 0, 4, 13, 512, 4, 10960, 10965, 10962, 10986, 10990, 10995, 35
1184, 0, 14, 1, 512, 5, 10055, 10060, 10057, 10086, 10090, 10095, 40
1183, 0, 14, 1, 512, 5, 10045, 10050, 10047, 10076, 10080, 10085, 40
1182, 0, 14, 1, 512, 5, 10035, 10040, 10037, 10066, 10070, 10075, 40
1181, 0, 14, 1, 512, 5, 10025, 10030, 10027, 10056, 10060, 10065, 40
1180, 0, 14, 1, 512, 5, 10015, 10020, 10017, 10046, 10050, 10055, 40
1179, 0, 14, 1, 512, 5, 10005, 10010, 10007, 10036, 10040, 10045, 40
1178, 0, 14, 1, 512, 5, 9995, 10000, 9997, 10026, 10030, 10035, 40
1177, 0, 14, 1, 512, 5, 9985, 9990, 9987, 10016, 10020, 10025, 40
1176, 0, 8, 13, 512, 3, 9905, 9910, 9907, 9926, 9930, 9935, 30
1175, 0, 8, 4, 512, 2, 9895, 9900, 9897, 9911, 9915, 9920, 25
1174, 0, 9, 14, 512, 3, 9885, 9890, 9887, 9906, 9910, 9915, 30
1173, 0, 8, 13, 512, 3, 9885, 9890, 9887, 9906, 9910, 9915, 30
1172, 0, 9, 14, 512, 3, 9875, 9880, 9877, 9896, 9900, 9905, 30
1171, 0, 8, 4, 512, 2, 9875, 9880, 9877, 9891, 9895, 9900, 25
1170, 0, 9, 14, 512, 3, 9865, 9870, 9867, 9886, 9890, 9895, 30
1169, 0, 8, 13, 512, 3, 9865, 9870, 9867, 9886, 9890, 9895, 30
1168, 0, 9, 14, 512, 3, 9855, 9860, 9857, 9876, 9880, 9885, 30
1167, 0, 8, 4, 512, 2, 9855, 9860, 9857, 9871, 9875, 9880, 25
1166, 0, 9, 14, 512, 3, 9845, 9850, 9847, 9866, 9870, 9875, 30
1165, 0, 8, 13, 512, 3, 9845, 9850, 9847, 9866, 9870, 9875, 30
1164, 0, 9, 14, 512, 3, 9835, 9840, 9837, 9856, 9860, 9865, 30
1163, 0, 8, 4, 512, 2, 9835, 9840, 9837, 9851, 9855, 9860, 25
1162, 0, 9, 14, 512, 3, 9825, 9830, 9827, 9846, 9850, 9855, 30
1161, 0, 8, 13, 512, 3, 9825, 9830, 9827, 9846, 9850, 9855, 30
1160, 0, 9, 14, 512, 3, 9815, 9820, 9817, 9836, 9840, 9845, 30
1159, 0, 8, 4, 512, 2, 9815, 9820, 9817, 9831, 9835, 9840, 25
1158, 0, 8, 13, 512, 3, 9805, 9810, 9807, 9826, 9830, 9835, 30
1157, 0, 8, 4, 512, 2, 9795, 9800, 9797, 9811, 9815, 9820, 25
1156, 0, 8, 13, 512, 3, 9785, 9790, 9787, 9806, 9810, 9815, 30
1155, 0, 8, 4, 512, 2, 9775, 9780, 9777, 9791, 9795, 9800, 25
1154, 0, 8, 13, 512, 3, 9765, 9770, 9767, 9786, 9790, 9795, 30
1153, 0, 8, 4, 512, 2, 9755, 9760, 9757, 9771, 9775, 9780, 25
1152, 0, 8, 13, 512, 3, 9745, 9750, 9747, 9766, 9770, 9775, 30
1151, 0, 8, 4, 512, 2, 9735, 9740, 9737, 9751, 9755, 9760, 25
1150, 0, 8, 13, 512, 3, 9725, 9730, 9727, 9746, 9750, 9755, 30
1149, 0, 8, 4, 512, 2, 9715, 9720, 9717, 9731, 9735, 9740, 25
1148, 0, 8, 13, 512, 3, 9705, 9710, 9707, 9726, 9730, 9735, 30
1147, 0, 8, 4, 512, 2, 9695, 9700, 9697, 9711, 9715, 9720, 25
1146, 0, 8, 13, 512, 3, 9685, 9690, 9687, 9706, 9710, 9715, 30
1145, 0, 8, 4, 512, 2, 9675, 9680, 9677, 9691, 9695, 9700, 25
1144, 0, 8, 13, 512, 3, 9665, 9670, 9667, 9686, 9690, 9695, 30
1143, 0, 8, 4, 512, 2, 9655, 9660, 9657, 9671, 9675, 9680, 25
1142, 0, 8, 13, 512, 3, 9645, 9650, 9647, 9666, 9670, 9675, 30
1141, 0, 8, 4, 512, 2, 9635, 9640, 9637, 9651, 9655, 9660, 25
1140, 0, 8, 13, 512, 3, 9625, 9630, 9627, 9646, 9650, 9655, 30
1139, 0, 8, 4, 512, 2, 9615, 9620, 9617, 9631, 9635, 9640, 25
1138, 0, 8, 13, 512, 3, 9605, 9610, 9607, 9626, 9630, 9635, 30
1137, 0, 8, 4, 512, 2, 9595, 9600, 9597, 9611, 9615, 9620, 25
1136, 0, 10, 8, 512, 3, 9580, 9585, 9582, 9601, 9605, 9610, 30
1135, 0, 10, 8, 512, 3, 9570, 9575, 9572, 9591, 9595, 9600, 30
1134, 0, 10, 8, 512, 3, 9560, 9565, 9562, 9581, 9585, 9590, 30
1133, 0, 10, 8, 512, 3, 9550, 9555, 9552, 9571, 9575, 9580, 30
1132, 0, 10, 8, 512, 3, 9540, 9545, 9542, 9561, 9565, 9570, 30
1131, 0, 10, 8, 512, 3, 9530, 9535, 9532, 9551, 9555, 9560, 30
1130, 0, 10, 8, 512, 3, 9520, 9525, 9522, 9541, 9545, 9550, 30
1129, 0, 13, 14, 512, 2, 9520, 9525, 9522, 9536, 9540, 9545, 25
1128, 0, 10, 8, 512, 3, 9510, 9515, 9512, 9531, 9535, 9540, 30
1127, 0, 13, 9, 512, 2, 9510, 9515, 9512, 9526, 9530, 9535, 25
1126, 0, 10, 8, 512, 3, 9500, 9505, 9502, 9521, 9525, 9530, 30
1125, 0, 13, 14, 512, 2, 9500, 9505, 9502, 9516, 9520, 9525, 25
1124, 0, 10, 8, 512, 3, 9490, 9495, 9492, 9511, 9515, 9520, 30
1123, 0, 13, 9, 512, 2, 9490, 9495, 9492, 9506, 9510, 9515, 25
1122, 0, 10, 8, 512, 3, 9480, 9485, 9482, 9501, 9505, 9510, 30
1121, 0, 13, 14, 512, 2, 9480, 9485, 9482, 9496, 9500, 9505, 25
1120, 0, 10, 8, 512, 3, 9470, 9475, 9472, 9491, 9495, 9500, 30
1119, 0, 13, 9, 512, 2, 9470, 9475, 9472, 9486, 9490, 9495, 25
1118, 0, 10, 8, 512, 3, 9460, 9465, 9462, 9481, 9485, 9490, 30
1117, 0, 13, 14, 512, 2, 9460, 9465, 9462, 9476, 9480, 9485, 25
1116, 0, 10, 8, 512, 3, 9450, 9455, 9452, 9471, 9475, 9480, 30
1115, 0, 13, 9, 512, 2, 9450, 9455, 9452, 9466, 9470, 9475, 25
1114, 0, 10, 8, 512, 3, 9440, 9445, 9442, 9461, 9465, 9470, 30
1113, 0, 13, 14, 512, 2, 9440, 9445, 9442, 9456, 9460, 9465, 25
1112, 0, 10, 8, 512, 3, 9430, 9435, 9432, 9451, 9455, 9460, 30
1111, 0, 13, 9, 512, 2, 9430, 9435, 9432, 9446, 9450, 9455, 25
1110, 0, 10, 8, 512, 3, 9420, 9425, 9422, 9441, 9445, 9450, 30
541, 0, 2, 7, 512, 3, 4530, 4535, 4532, 4551, 4555, 4560, 30
540, 0, 2, 7, 512, 3, 4520, 4525, 4522, 4541, 4545, 4550, 30
539, 0, 2, 7, 512, 3, 4510, 4515, 4512, 4531, 4535, 4540, 30
538, 0, 2, 7, 512, 3, 4500, 4505, 4502, 4521, 4525, 4530, 30
537, 0, 2, 7, 512, 3, 4490, 4495, 4492, 4511, 4515, 4520, 30
536, 0, 2, 7, 512, 3, 4480, 4485, 4482, 4501, 4505, 4510, 30
535, 0, 2, 7, 512, 3, 4470, 4475, 4472, 4491, 4495, 4500, 30
534, 0, 2, 7, 512, 3, 4460, 4465, 4462, 4481, 4485, 4490, 30
533, 0, 2, 7, 512, 3, 4450, 4455, 4452, 4471, 4475, 4480, 30
532, 0, 2, 7, 512, 3, 4440, 4445, 4442, 4461, 4465, 4470, 30
531, 0, 2, 7, 512, 3, 4430, 4435, 4432, 4451, 4455, 4460, 30
530, 0, 2, 7, 512, 3, 4420, 4425, 4422, 4441, 4445, 4450, 30
529, 0, 2, 7, 512, 3, 4410, 4415, 4412, 4431, 4435, 4440, 30
528, 0, 2, 7, 512, 3, 4400, 4405, 4402, 4421, 4425, 4430, 30
527, 0, 2, 7, 512, 3, 4390, 4395, 4392, 4411, 4415, 4420, 30
526, 0, 2, 7, 512, 3, 4380, 4385, 4382, 4401, 4405, 4410, 30
525, 0, 2, 7, 512, 3, 4370, 4375, 4372, 4391, 4395, 4400, 30
524, 0, 2, 7, 512, 3, 4360, 4365, 4362, 4381, 4385, 4390, 30
523, 0, 2, 7, 512, 3, 4350, 4355, 4352, 4371, 4375, 4380, 30
522, 0, 2, 7, 512, 3, 4340, 4345, 4342, 4361, 4365, 4370, 30
521, 0, 15, 2, 512, 5, 4320, 4325, 4322, 4351, 4355, 4360, 40
520, 0, 15, 2, 512, 5, 4310, 4315, 4312, 4341, 4345, 4350, 40
519, 0, 8, 13, 512, 3, 4305, 4310, 4307, 4326, 4330, 4335, 30
518, 0, 15, 2, 512, 5, 4300, 4305, 4302, 4331, 4335, 4340, 40
517, 0, 8, 4, 512, 2, 4295, 4300, 4297, 4311, 4315, 4320, 25
516, 0, 15, 2, 512, 5, 4290, 4295, 4292, 4321, 4325, 4330, 40
515, 0, 8, 13, 512, 3, 4285, 4290, 4287, 4306, 4310, 4315, 30
514, 0, 15, 2, 512, 5, 4280, 4285, 4282, 4311, 4315, 4320, 40
513, 0, 8, 4, 512, 2, 4275, 4280, 4277, 4291, 4295, 4300, 25
512, 0, 15, 2, 512, 5, 4270, 4275, 4272, 4301, 4305, 4310, 40
511, 0, 8, 13, 512, 3, 4265, 4270, 4267, 4286, 4290, 4295, 30
510, 0, 15, 2, 512, 5, 4260, 4265, 4262, 4291, 4295, 4300, 40
509, 0, 8, 4, 512, 2, 4255, 4260, 4257, 4271, 4275, 4280, 25
508, 0, 15, 2, 512, 5, 4250, 4255, 4252, 4281, 4285, 4290, 40
507, 0, 8, 13, 512, 3, 4245, 4250, 4247, 4266, 4270, 4275, 30
506, 0, 15, 2, 512, 5, 4240, 4245, 4242, 4271, 4275, 4280, 40
505, 0, 8, 4, 512, 2, 4235, 4240, 4237, 4251, 4255, 4260, 25
504, 0, 15, 2, 512, 5, 4230, 4235, 4232, 4261, 4265, 4270, 40
503, 0, 8, 13, 512, 3, 4225, 4230, 4227, 4246, 4250, 4255, 30
502, 0, 15, 2, 512, 5, 4220, 4225, 4222, 4251, 4255, 4260, 40
501, 0, 8, 4, 512, 2, 4215, 4220, 4217, 4231, 4235, 4240, 25
500, 0, 15, 2, 512, 5, 4210, 4215, 4212, 4241, 4245, 4250, 40
499, 0, 8, 13, 512, 3, 4205, 4210, 4207, 4226, 4230, 4235, 30
498, 0, 15, 2, 512, 5, 4200, 4205, 4202, 4231, 4235, 4240, 40
497, 0, 8, 4, 512, 2, 4195, 4200, 4197, 4211, 4215, 4220, 25
496, 0, 15, 2, 512, 5, 4190, 4195, 4192, 4221, 4225, 4230, 40
495, 0, 8, 13, 512, 3, 4185, 4190, 4187, 4206, 4210, 4215, 30
494, 0, 15, 2, 512, 5, 4180, 4185, 4182, 4211, 4215, 4220, 40
493, 0, 8, 4, 512, 2, 4175, 4180, 4177, 4191, 4195, 4200, 25
492, 0, 15, 2, 512, 5, 4170, 4175, 4172, 4201, 4205, 4210, 40
491, 0, 8, 13, 512, 3, 4165, 4170, 4167, 4186, 4190, 4195, 30
490, 0, 15, 2, 512, 5, 4160, 4165, 4162, 4191, 4195, 4200, 40
489, 0, 8, 4, 512, 2, 4155, 4160, 4157, 4171, 4175, 4180, 25
488, 0, 15, 2, 512, 5, 4150, 4155, 4152, 4181, 4185, 4190, 40
487, 0, 8, 13, 512, 3, 4145, 4150, 4147, 4166, 4170, 4175, 30
486, 0, 15, 2, 512, 5, 4140, 4145, 4142, 4171, 4175, 4180, 40
485, 0, 8, 4, 512, 2, 4135, 4140, 4137, 4151, 4155, 4160, 25
484, 0, 10, 8, 512, 3, 4135, 4140, 4137, 4156, 4160, 4165, 30
483, 0, 15, 2, 512, 5, 4130, 4135, 4132, 4161, 4165, 4170, 40
482, 0, 8, 13, 512, 3, 4125, 4130, 4127, 4146, 4150, 4155, 30
481, 0, 10, 8, 512, 3, 4125, 4130, 4127, 4146, 4150, 4155, 30
480, 0, 15, 2, 512, 5, 4120, 4125, 4122, 4151, 4155, 4160, 40
479, 0, 8, 4, 512, 2, 4115, 4120, 4117, 4131, 4135, 4140, 25
478, 0, 10, 8, 512, 3, 4115, 4120, 4117, 4136, 4140, 4145, 30
477, 0, 15, 2, 512, 5, 4110, 4115, 4112, 4141, 4145, 4150, 40
476, 0, 8, 13, 512, 3, 4105, 4110, 4107, 4126, 4130, 4135, 30
475, 0, 10, 8, 512, 3, 4105, 4110, 4107, 4126, 4130, 4135, 30
474, 0, 15, 2, 512, 5, 4100, 4105, 4102, 4131, 4135, 4140, 40
473, 0, 8, 4, 512, 2, 4095, 4100, 4097, 4111, 4115, 4120, 25
472, 0, 10, 8, 512, 3, 4095, 4100, 4097, 4116, 4120, 4125, 30
471, 0, 15, 2, 512, 5, 4090, 4095, 4092, 4121, 4125, 4130, 40
470, 0, 8, 13, 512, 3, 4085, 4090, 4087, 4106, 4110, 4115, 30
469, 0, 10, 8, 512, 3, 4085, 4090, 4087, 4106, 4110, 4115, 30
468, 0, 15, 2, 512, 5, 4080, 4085, 4082, 4111, 4115, 4120, 40
467, 0, 8, 4, 512, 2, 4075, 4080, 4077, 4091, 4095, 4100, 25
466, 0, 10, 8, 512, 3, 4075, 4080, 4077, 4096, 4100, 4105, 30
465, 0, 15, 2, 512, 5, 4070, 4075, 4072, 4101, 4105, 4110, 40
464, 0, 8, 13, 512, 3, 4065, 4070, 4067, 4086, 4090, 4095, 30
463, 0, 10, 8, 512, 3, 4065, 4070, 4067, 4086, 4090, 4095, 30
462, 0, 15, 2, 512, 5, 4060, 4065, 4062, 4091, 4095, 4100, 40
461, 0, 8, 4, 512, 2, 4055, 4060, 4057, 4071, 4075, 4080, 25
460, 0, 10, 8, 512, 3, 4055, 4060, 4057, 4076, 4080, 4085, 30
459, 0, 15, 2, 512, 5, 4050, 4055, 4052, 4081, 4085, 4090, 40
458, 0, 8, 13, 512, 3, 4045, 4050, 4047, 4066, 4070, 4075, 30
457, 0, 10, 8, 512, 3, 4045, 4050, 4047, 4066, 4070, 4075, 30
456, 0, 15, 2, 512, 5, 4040, 4045, 4042, 4071, 4075, 4080, 40
455, 0, 8, 4, 512, 2, 4035, 4040, 4037, 4051, 4055, 4060, 25
454, 0, 10, 8, 512, 3, 4035, 4040, 4037, 4056, 4060, 4065, 30
453, 0, 15, 2, 512, 5, 4030, 4035, 4032, 4061, 4065, 4070, 40
452, 0, 8, 13, 512, 3, 4025, 4030, 4027, 4046, 4050, 4055, 30
451, 0, 10, 8, 512, 3, 4025, 4030, 4027, 4046, 4050, 4055, 30
450, 0, 15, 2, 512, 5, 4020, 4025, 4022, 4051, 4055, 4060, 40
449, 0, 8, 4, 512, 2, 4015, 4020, 4017, 4031, 4035, 4040, 25
448, 0, 10, 8, 512, 3, 4015, 4020, 4017, 4036, 4040, 4045, 30
447, 0, 15, 2, 512, 5, 4010, 4015, 4012, 4041, 4045, 4050, 40
446, 0, 10, 8, 512, 3, 4005, 4010, 4007, 4026, 4030, 4035, 30
445, 0, 8, 13, 512, 3, 4000, 4005, 4002, 4021, 4025, 4030, 30
444, 0, 15, 2, 512, 5, 4000, 4005, 4002, 4031, 4035, 4040, 40
443, 0, 10, 8, 512, 3, 3995, 4000, 3997, 4016, 4020, 4025, 30
442, 0, 8, 4, 512, 2, 3990, 3995, 3992, 4006, 4010, 4015, 25
441, 0, 10, 8, 512, 3, 3985, 3990, 3987, 4006, 4010, 4015, 30
440, 0, 10, 8, 512, 3, 3975, 3980, 3977, 3996, 4000, 4005, 30
439, 0, 10, 8, 512, 3, 3965, 3970, 3967, 3986, 3990, 3995, 30
438, 0, 10, 8, 512, 3, 3955, 3960, 3957, 3976, 3980, 3985, 30
437, 0, 0, 10, 512, 5, 3950, 3955, 3952, 3981, 3985, 3990, 40
436, 0, 10, 8, 512, 3, 3945, 3950, 3947, 3966, 3970, 3975, 30
435, 0, 0, 10, 512, 5, 3940, 3945, 3942, 3971, 3975, 3980, 40
434, 0, 10, 8, 512, 3, 3935, 3940, 3937, 3956, 3960, 3965, 30
433, 0, 0, 10, 512, 5, 3930, 3935, 3932, 3961, 3965, 3970, 40
432, 0, 10, 8, 512, 3, 3925, 3930, 3927, 3946, 3950, 3955, 30
431, 0, 0, 10, 512, 5, 3920, 3925, 3922, 3951, 3955, 3960, 40
430, 0, 10, 8, 512, 3, 3915, 3920, 3917, 3936, 3940, 3945, 30
429, 0, 0, 10, 512, 5, 3910, 3915, 3912, 3941, 3945, 3950, 40
428, 0, 10, 8, 512, 3, 3905, 3910, 3907, 3926, 3930, 3935, 30
427, 0, 0, 10, 512, 5, 3900, 3905, 3902, 3931, 3935, 3940, 40
426, 0, 10, 8, 512, 3, 3895, 3900, 3897, 3916, 3920, 3925, 30
425, 0, 0, 10, 512, 5, 3890, 3895, 3892, 3921, 3925, 3930, 40
424, 0, 10, 8, 512, 3, 3885, 3890, 3887, 3906, 3910, 3915, 30
423, 0, 0, 10, 512, 5, 3880, 3885, 3882, 3911, 3915, 3920, 40
422, 0, 10, 8, 512, 3, 3875, 3880, 3877, 3896, 3900, 3905, 30
421, 0, 0, 10, 512, 5, 3870, 3875, 3872, 3901, 3905, 3910, 40
420, 0, 10, 8, 512, 3, 3865, 3870, 3867, 3886, 3890, 3895, 30
419, 0, 0, 10, 512, 5, 3860, 3865, 3862, 3891, 3895, 3900, 40
418, 0, 10, 8, 512, 3, 3855, 3860, 3857, 3876, 3880, 3885, 30
417, 0, 0, 10, 512, 5, 3850, 3855, 3852, 3881, 3885, 3890, 40
416, 0, 10, 8, 512, 3, 3845, 3850, 3847, 3866, 3870, 3875, 30
415, 0, 0, 10, 512, 5, 3840, 3845, 3842, 3871, 3875, 3880, 40
414, 0, 10, 8, 512, 3, 3830, 3835, 3832, 3851, 3855, 3860, 30
413, 0, 0, 10, 512, 5, 3830, 3835, 3832, 3861, 3865, 3870, 40
412, 0, 10, 8, 512, 3, 3820, 3825, 3822, 3841, 3845, 3850, 30
411, 0, 0, 10, 512, 5, 3820, 3825, 3822, 3851, 3855, 3860, 40
410, 0, 0, 10, 512, 5, 3810, 3815, 3812, 3841, 3845, 3850, 40
409, 0, 0, 10, 512, 5, 3800, 3805, 3802, 3831, 3835, 3840, 40
408, 0, 0, 10, 512, 5, 3790, 3795, 3792, 3821, 3825, 3830, 40
407, 0, 0, 10, 512, 5, 3780, 3785, 3782, 3811, 3815, 3820, 40
406, 0, 0, 10, 512, 5, 3770, 3775, 3772, 3801, 3805, 3810, 40
405, 0, 0, 10, 512, 5, 3760, 3765, 3762, 3791, 3795, 3800, 40
404, 0, 0, 10, 512, 5, 3750, 3755, 3752, 3781, 3785, 3790, 40
403, 0, 0, 10, 512, 5, 3740, 3745, 3742, 3771, 3775, 3780, 40
402, 0, 0, 10, 512, 5, 3730, 3735, 3732, 3761, 3765, 3770, 40
401, 0, 0, 10, 512, 5, 3720, 3725, 3722, 3751, 3755, 3760, 40
400, 0, 0, 10, 512, 5, 3710, 3715, 3712, 3741, 3745, 3750, 40
399, 0, 0, 10, 512, 5, 3700, 3705, 3702, 3731, 3735, 3740, 40
398, 0, 0, 10, 512, 5, 3690, 3695, 3692, 3721, 3725, 3730, 40
397, 0, 0, 10, 512, 5, 3680, 3685, 3682, 3711, 3715, 3720, 40
396, 0, 5, 8, 512, 3, 3675, 3680, 3677, 3696, 3700, 3705, 30
395, 0, 0, 10, 512, 5, 3670, 3675, 3672, 3701, 3705, 3710, 40
394, 0, 5, 10, 512, 3, 3665, 3670, 3667, 3687, 3691.25, 3700, 35
393, 0, 0, 10, 512, 5, 3660, 3665, 3662, 3693, 3697.5, 3705, 45
392, 0, 5, 0, 512, 3, 3655, 3660, 3657, 3676, 3680, 3685, 30
391, 0, 0, 10, 512, 5, 3650, 3655, 3652, 3681, 3685, 3690, 40
390, 0, 5, 8, 512, 3, 3645, 3650, 3647, 3666, 3670, 3675, 30
389, 0, 0, 10, 512, 5, 3640, 3645, 3642, 3671, 3675, 3680, 40
388, 0, 5, 10, 512, 3, 3635, 3640, 3637, 3656, 3660, 3665, 30
387, 0, 5, 0, 512, 3, 3625, 3630, 3627, 3646, 3650, 3655, 30
386, 0, 5, 8, 512, 3, 3615, 3620, 3617, 3636, 3640, 3645, 30
385, 0, 5, 10, 512, 3, 3605, 3610, 3607, 3626, 3630, 3635, 30
384, 0, 5, 0, 512, 3, 3595, 3600, 3597, 3616, 3620, 3625, 30
383, 0, 5, 8, 512, 3, 3585, 3590, 3587, 3606, 3610, 3615, 30
382, 0, 5, 10, 512, 3, 3575, 3580, 3577, 3596, 3600, 3605, 30
381, 0, 5, 0, 512, 3, 3565, 3570, 3567, 3586, 3590, 3595, 30
380, 0, 5, 8, 512, 3, 3555, 3560, 3557, 3576, 3580, 3585, 30
379, 0, 5, 10, 512, 3, 3545, 3550, 3547, 3566, 3570, 3575, 30
378, 0, 5, 0, 512, 3, 3535, 3540, 3537, 3556, 3560, 3565, 30
377, 0, 5, 8, 512, 3, 3525, 3530, 3527, 3546, 3550, 3555, 30
376, 0, 5, 10, 512, 3, 3515, 3520, 3517, 3536, 3540, 3545, 30
375, 0, 5, 0, 512, 3, 3505, 3510, 3507, 3526, 3530, 3535, 30
374, 0, 7, 5, 512, 3, 3505, 3510, 3507, 3526, 3530, 3535, 30
373, 0, 5, 8, 512, 3, 3495, 3500, 3497, 3516, 3520, 3525, 30
372, 0, 7, 5, 512, 3, 3495, 3500, 3497, 3516, 3520, 3525, 30
371, 0, 5, 10, 512, 3, 3485, 3490, 3487, 3506, 3510, 3515, 30
370, 0, 7, 5, 512, 3, 3485, 3490, 3487, 3506, 3510, 3515, 30
369, 0, 5, 0, 512, 3, 3475, 3480, 3477, 3496, 3500, 3505, 30
368, 0, 7, 5, 512, 3, 3475, 3480, 3477, 3496, 3500, 3505, 30
367, 0, 5, 8, 512, 3, 3465, 3470, 3467, 3486, 3490, 3495, 30
366, 0, 7, 5, 512, 3, 3465, 3470, 3467, 3486, 3490, 3495, 30
365, 0, 5, 10, 512, 3, 3455, 3460, 3457, 3476, 3480, 3485, 30
364, 0, 7, 5, 512, 3, 3455, 3460, 3457, 3476, 3480, 3485, 30
363, 0, 5, 0, 512, 3, 3445, 3450, 3447, 3466, 3470, 3475, 30
362, 0, 7, 5, 512, 3, 3445, 3450, 3447, 3466, 3470, 3475, 30
361, 0, 5, 8, 512, 3, 3435, 3440, 3437, 3456, 3460, 3465, 30
360, 0, 7, 5, 512, 3, 3435, 3440, 3437, 3456, 3460, 3465, 30
359, 0, 5, 10, 512, 3, 3425, 3430, 3427, 3446, 3450, 3455, 30
358, 0, 7, 5, 512, 3, 3425, 3430, 3427, 3446, 3450, 3455, 30
357, 0, 5, 0, 512, 3, 3415, 3420, 3417, 3436, 3440, 3445, 30
356, 0, 7, 5, 512, 3, 3415, 3420, 3417, 3436, 3440, 3445, 30
355, 0, 5, 8, 512, 3, 3405, 3410, 3407, 3426, 3430, 3435, 30
354, 0, 7, 5, 512, 3, 3405, 3410, 3407, 3426, 3430, 3435, 30
353, 0, 5, 10, 512, 3, 3395, 3400, 3397, 3416, 3420, 3425, 30
352, 0, 7, 5, 512, 3, 3395, 3400, 3397, 3416, 3420, 3425, 30
351, 0, 5, 0, 512, 3, 3385, 3390, 3387, 3406, 3410, 3415, 30
350, 0, 7, 5, 512, 3, 3385, 3390, 3387, 3406, 3410, 3415, 30
349, 0, 5, 8, 512, 3, 3375, 3380, 3377, 3396, 3400, 3405, 30
348, 0, 7, 5, 512, 3, 3375, 3380, 3377, 3396, 3400, 3405, 30
347, 0, 5, 10, 512, 3, 3365, 3370, 3367, 3386, 3390, 3395, 30
346, 0, 7, 5, 512, 3, 3365, 3370, 3367, 3386, 3390, 3395, 30
345, 0, 5, 0, 512, 3, 3355, 3360, 3357, 3376, 3380, 3385, 30
344, 0, 7, 5, 512, 3, 3355, 3360, 3357, 3376, 3380, 3385, 30
343, 0, 7, 5, 512, 3, 3345, 3350, 3347, 3366, 3370, 3375, 30
342, 0, 7, 5, 512, 3, 3335, 3340, 3337, 3356, 3360, 3365, 30
341, 0, 2, 7, 512, 3, 3335, 3340, 3337, 3356, 3360, 3365, 30
340, 0, 7, 5, 512, 3, 3325, 3330, 3327, 3346, 3350, 3355, 30
339, 0, 2, 7, 512, 3, 3325, 3330, 3327, 3346, 3350, 3355, 30
338, 0, 7, 5, 512, 3, 3315, 3320, 3317, 3336, 3340, 3345, 30
337, 0, 2, 7, 512, 3, 3315, 3320, 3317, 3336, 3340, 3345, 30
336, 0, 7, 5, 512, 3, 3305, 3310, 3307, 3326, 3330, 3335, 30
335, 0, 2, 7, 512, 3, 3305, 3310, 3307, 3326, 3330, 3335, 30
334, 0, 7, 5, 512, 3, 3295, 3300, 3297, 3316, 3320, 3325, 30
333, 0, 2, 7, 512, 3, 3295, 3300, 3297, 3316, 3320, 3325, 30
332, 0, 7, 5, 512, 3, 3285, 3290, 3287, 3306, 3310, 3315, 30
331, 0, 2, 7, 512, 3, 3285, 3290, 3287, 3306, 3310, 3315, 30
330, 0, 7, 5, 512, 3, 3275, 3280, 3277, 3296, 3300, 3305, 30
329, 0, 2, 7, 512, 3, 3275, 3280, 3277, 3296, 3300, 3305, 30
328, 0, 7, 5, 512, 3, 3265, 3270, 3267, 3286, 3290, 3295, 30
327, 0, 2, 7, 512, 3, 3265, 3270, 3267, 3286, 3290, 3295, 30
326, 0, 7, 5, 512, 3, 3255, 3260, 3257, 3276, 3280, 3285, 30
325, 0, 2, 7, 512, 3, 3255, 3260, 3257, 3276, 3280, 3285, 30
324, 0, 7, 5, 512, 3, 3245, 3250, 3247, 3266, 3270, 3275, 30
323, 0, 2, 7, 512, 3, 3245, 3250, 3247, 3266, 3270, 3275, 30
322, 0, 7, 5, 512, 3, 3235, 3240, 3237, 3256, 3260, 3265, 30
321, 0, 2, 7, 512, 3, 3235, 3240, 3237, 3256, 3260, 3265, 30
320, 0, 7, 5, 512, 3, 3225, 3230, 3227, 3246, 3250, 3255, 30
319, 0, 2, 7, 512, 3, 3225, 3230, 3227, 3246, 3250, 3255, 30
318, 0, 7, 5, 512, 3, 3215, 3220, 3217, 3236, 3240, 3245, 30
317, 0, 2, 7, 512, 3, 3215, 3220, 3217, 3236, 3240, 3245, 30
316, 0, 7, 5, 512, 3, 3205, 3210, 3207, 3226, 3230, 3235, 30
315, 0, 2, 7, 512, 3, 3205, 3210, 3207, 3226, 3230, 3235, 30
314, 0, 7, 5, 512, 3, 3195, 3200, 3197, 3216, 3220, 3225, 30
313, 0, 2, 7, 512, 3, 3195, 3200, 3197, 3216, 3220, 3225, 30
312, 0, 7, 5, 512, 3, 3185, 3190, 3187, 3206, 3210, 3215, 30
311, 0, 2, 7, 512, 3, 3185, 3190, 3187, 3206, 3210, 3215, 30
310, 0, 2, 7, 512, 3, 3175, 3180, 3177, 3196, 3200, 3205, 30
309, 0, 2, 7, 512, 3, 3165, 3170, 3167, 3186, 3190, 3195, 30
308, 0, 2, 7, 512, 3, 3155, 3160, 3157, 3176, 3180, 3185, 30
307, 0, 2, 7, 512, 3, 3145, 3150, 3147, 3166, 3170, 3175, 30
306, 0, 2, 7, 512, 3, 3135, 3140, 3137, 3156, 3160, 3165, 30
305, 0, 2, 7, 512, 3, 3125, 3130, 3127, 3146, 3150, 3155, 30
304, 0, 2, 7, 512, 3, 3115, 3120, 3117, 3136, 3140, 3145, 30
303, 0, 2, 7, 512, 3, 3105, 3110, 3107, 3126, 3130, 3135, 30
302, 0, 2, 7, 512, 3, 3095, 3100, 3097, 3116, 3120, 3125, 30
301, 0, 2, 7, 512, 3, 3085, 3090, 3087, 3106, 3110, 3115, 30
300, 0, 2, 7, 512, 3, 3075, 3080, 3077, 3096, 3100, 3105, 30
299, 0, 2, 7, 512, 3, 3065, 3070, 3067, 3086, 3090, 3095, 30
298, 0, 2, 7, 512, 3, 3055, 3060, 3057, 3076, 3080, 3085, 30
297, 0, 2, 7, 512, 3, 3045, 3050, 3047, 3066, 3070, 3075, 30
296, 0, 2, 7, 512, 3, 3035, 3040, 3037, 3056, 3060, 3065, 30
295, 0, 2, 7, 512, 3, 3025, 3030, 3027, 3046, 3050, 3055, 30
294, 0, 2, 7, 512, 3, 3015, 3020, 3017, 3036, 3040, 3045, 30
293, 0, 15, 2, 512, 5, 2995, 3000, 2997, 3026, 3030, 3035, 40
292, 0, 15, 2, 512, 5, 2985, 2990, 2987, 3016, 3020, 3025, 40
291, 0, 15, 2, 512, 5, 2975, 2980, 2977, 3006, 3010, 3015, 40
290, 0, 15, 2, 512, 5, 2965, 2970, 2967, 2996, 3000, 3005, 40
289, 0, 15, 2, 512, 5, 2955, 2960, 2957, 2986, 2990, 2995, 40
288, 0, 15, 2, 512, 5, 2945, 2950, 2947, 2976, 2980, 2985, 40
287, 0, 15, 2, 512, 5, 2935, 2940, 2937, 2966, 2970, 2975, 40
286, 0, 15, 2, 512, 5, 2925, 2930, 2927, 2956, 2960, 2965, 40
285, 0, 15, 2, 512, 5, 2915, 2920, 2917, 2946, 2950, 2955, 40
284, 0, 15, 2, 512, 5, 2905, 2910, 2907, 2936, 2940, 2945, 40
283, 0, 15, 2, 512, 5, 2895, 2900, 2897, 2926, 2930, 2935, 40
282, 0, 15, 2, 512, 5, 2885, 2890, 2887, 2916, 2920, 2925, 40
281, 0, 15, 2, 512, 5, 2875, 2880, 2877, 2906, 2910, 2915, 40
280, 0, 15, 2, 512, 5, 2865, 2870, 2867, 2896, 2900, 2905, 40
279, 0, 15, 2, 512, 5, 2855, 2860, 2857, 2886, 2890, 2895, 40
278, 0, 15, 2, 512, 5, 2845, 2850, 2847, 2876, 2880, 2885, 40
277, 0, 15, 2, 512, 5, 2835, 2840, 2837, 2866, 2870, 2875, 40
276, 0, 15, 2, 512, 5, 2825, 2830, 2827, 2856, 2860, 2865, 40
275, 0, 15, 2, 512, 5, 2815, 2820, 2817, 2846, 2850, 2855, 40
274, 0, 15, 2, 512, 5, 2805, 2810, 2807, 2836, 2840, 2845, 40
273, 0, 15, 2, 512, 5, 2795, 2800, 2797, 2826, 2830, 2835, 40
272, 0, 15, 2, 512, 5, 2785, 2790, 2787, 2816, 2820, 2825, 40
271, 0, 15, 2, 512, 5, 2775, 2780, 2777, 2806, 2810, 2815, 40
270, 0, 15, 2, 512, 5, 2765, 2770, 2767, 2796, 2800, 2805, 40
269, 0, 15, 2, 512, 5, 2755, 2760, 2757, 2786, 2790, 2795, 40
268, 0, 15, 2, 512, 5, 2745, 2750, 2747, 2776, 2780, 2785, 40
267, 0, 15, 2, 512, 5, 2735, 2740, 2737, 2766, 2770, 2775, 40
266, 0, 15, 2, 512, 5, 2725, 2730, 2727, 2756, 2760, 2765, 40
265, 0, 15, 2, 512, 5, 2715, 2720, 2717, 2746, 2750, 2755, 40
264, 0, 15, 2, 512, 5, 2705, 2710, 2707, 2736, 2740, 2745, 40
263, 0, 15, 2, 512, 5, 2695, 2700, 2697, 2726, 2730, 2735, 40
262, 0, 15, 2, 512, 5, 2685, 2690, 2687, 2716, 2720, 2725, 40
261, 0, 15, 2, 512, 5, 2675, 2680, 2677, 2706, 2710, 2715, 40
260, 0, 5, 8, 512, 3, 2190, 2195, 2192, 2211, 2215, 2220, 30
259, 0, 5, 10, 512, 3, 2180, 2185, 2182, 2201, 2205, 2210, 30
258, 0, 5, 0, 512, 3, 2170, 2175, 2172, 2191, 2195, 2200, 30
127, 0, 3, 15, 512, 4, 330, 335, 332, 356, 360, 365, 35
126, 0, 12, 7, 512, 6, 330, 335, 332, 366, 370, 375, 45
125, 0, 6, 5, 512, 2, 330, 335, 332, 346, 350, 355, 25
124, 0, 11, 2, 512, 4, 320, 325, 322, 346, 350, 355, 35
123, 0, 3, 15, 512, 4, 320, 325, 322, 346, 350, 355, 35
122, 0, 12, 7, 512, 6, 320, 325, 322, 356, 360, 365, 45
121, 0, 6, 5, 512, 2, 320, 325, 322, 336, 340, 345, 25
120, 0, 11, 2, 512, 4, 310, 315, 312, 336, 340, 345, 35
119, 0, 3, 15, 512, 4, 310, 315, 312, 336, 340, 345, 35
118, 0, 12, 7, 512, 6, 310, 315, 312, 346, 350, 355, 45
117, 0, 6, 5, 512, 2, 310, 315, 312, 326, 330, 335, 25
116, 0, 11, 2, 512, 4, 300, 305, 302, 326, 330, 335, 35
115, 0, 3, 15, 512, 4, 300, 305, 302, 326, 330, 335, 35
114, 0, 12, 7, 512, 6, 300, 305, 302, 336, 340, 345, 45
113, 0, 6, 5, 512, 2, 300, 305, 302, 316, 320, 325, 25
112, 0, 11, 2, 512, 4, 290, 295, 292, 316, 320, 325, 35
111, 0, 3, 15, 512, 4, 290, 295, 292, 316, 320, 325, 35
110, 0, 12, 7, 512, 6, 290, 295, 292, 326, 330, 335, 45
109, 0, 6, 5, 512, 2, 290, 295, 292, 306, 310, 315, 25
108, 0, 11, 2, 512, 4, 280, 285, 282, 306, 310, 315, 35
107, 0, 3, 15, 512, 4, 280, 285, 282, 306, 310, 315, 35
106, 0, 12, 7, 512, 6, 280, 285, 282, 316, 320, 325, 45
105, 0, 6, 5, 512, 2, 280, 285, 282, 296, 300, 305, 25
104, 0, 11, 2, 512, 4, 270, 275, 272, 296, 300, 305, 35
103, 0, 3, 15, 512, 4, 270, 275, 272, 296, 300, 305, 35
102, 0, 12, 7, 512, 6, 270, 275, 272, 306, 310, 315, 45
101, 0, 6, 5, 512, 2, 270, 275, 272, 286, 290, 295, 25
100, 0, 11, 2, 512, 4, 260, 265, 262, 286, 290, 295, 35
99, 0, 3, 15, 512, 4, 260, 265, 262, 286, 290, 295, 35
98, 0, 12, 7, 512, 6, 260, 265, 262, 296, 300, 305, 45
97, 0, 6, 5, 512, 2, 260, 265, 262, 276, 280, 285, 25
96, 0, 11, 2, 512, 4, 250, 255, 252, 276, 280, 285, 35
95, 0, 3, 15, 512, 4, 250, 255, 252, 276, 280, 285, 35
94, 0, 12, 7, 512, 6, 250, 255, 252, 286, 290, 295, 45
93, 0, 6, 5, 512, 2, 250, 255, 252, 266, 270, 275, 25
92, 0, 11, 2, 512, 4, 240, 245, 242, 266, 270, 275, 35
91, 0, 3, 15, 512, 4, 240, 245, 242, 266, 270, 275, 35
90, 0, 12, 7, 512, 6, 240, 245, 242, 276, 280, 285, 45
89, 0, 6, 5, 512, 2, 240, 245, 242, 256, 260, 265, 25
88, 0, 11, 2, 512, 4, 230, 235, 232, 256, 260, 265, 35
87, 0, 3, 15, 512, 4, 230, 235, 232, 256, 260, 265, 35
86, 0, 12, 7, 512, 6, 230, 235, 232, 266, 270, 275, 45
85, 0, 6, 5, 512, 2, 230, 235, 232, 246, 250, 255, 25
84, 0, 11, 2, 512, 4, 220, 225, 222, 246, 250, 255, 35
83, 0, 3, 15, 512, 4, 220, 225, 222, 246, 250, 255, 35
82, 0, 12, 7, 512, 6, 220, 225, 222, 256, 260, 265, 45
81, 0, 6, 5, 512, 2, 220, 225, 222, 236, 240, 245, 25
80, 0, 11, 2, 512, 4, 210, 215, 212, 236, 240, 245, 35
79, 0, 3, 15, 512, 4, 210, 215, 212, 236, 240, 245, 35
78, 0, 12, 7, 512, 6, 210, 215, 212, 246, 250, 255, 45
77, 0, 6, 5, 512, 2, 210, 215, 212, 226, 230, 235, 25
76, 0, 11, 2, 512, 4, 200, 205, 202, 226, 230, 235, 35
75, 0, 3, 15, 512, 4, 200, 205, 202, 226, 230, 235, 35
74, 0, 12, 7, 512, 6, 200, 205, 202, 236, 240, 245, 45
73, 0, 6, 5, 512, 2, 200, 205, 202, 216, 220, 225, 25
72, 0, 11, 2, 512, 4, 190, 195, 192, 216, 220, 225, 35
71, 0, 3, 15, 512, 4, 190, 195, 192, 216, 220, 225, 35
70, 0, 12, 7, 512, 6, 190, 195, 192, 226, 230, 235, 45
69, 0, 6, 5, 512, 2, 190, 195, 192, 206, 210, 215, 25
68, 0, 11, 2, 512, 4, 180, 185, 182, 206, 210, 215, 35
67, 0, 3, 15, 512, 4, 180, 185, 182, 206, 210, 215, 35
66, 0, 12, 7, 512, 6, 180, 185, 182, 216, 220, 225, 45
65, 0, 6, 5, 512, 2, 180, 185, 182, 196, 200, 205, 25
64, 0, 11, 2, 512, 4, 170, 175, 172, 196, 200, 205, 35
63, 0, 3, 15, 512, 4, 170, 175, 172, 196, 200, 205, 35
62, 0, 12, 7, 512, 6, 170, 175, 172, 206, 210, 215, 45
61, 0, 6, 5, 512, 2, 170, 175, 172, 186, 190, 195, 25
60, 0, 11, 2, 512, 4, 160, 165, 162, 186, 190, 195, 35
29, 0, 6, 5, 512, 2, 90, 95, 92, 106, 110, 115, 25
28, 0, 11, 2, 512, 4, 80, 85, 82, 106, 110, 115, 35
27, 0, 3, 15, 512, 4, 80, 85, 82, 106, 110, 115, 35
26, 0, 12, 7, 512, 6, 80, 85, 82, 116, 120, 125, 45
25, 0, 6, 5, 512, 2, 80, 85, 82, 96, 100, 105, 25
24, 0, 11, 2, 512, 4, 70, 75, 72, 96, 100, 105, 35
23, 0, 3, 15, 512, 4, 70, 75, 72, 96, 100, 105, 35
22, 0, 12, 7, 512, 6, 70, 75, 72, 106, 110, 115, 45
21, 0, 6, 5, 512, 2, 70, 75, 72, 86, 90, 95, 25
20, 0, 11, 2, 512, 4, 60, 65, 62, 86, 90, 95, 35
19, 0, 3, 15, 512, 4, 60, 65, 62, 86, 90, 95, 35
18, 0, 12, 7, 512, 6, 60, 65, 62, 96, 100, 105, 45
17, 0, 6, 5, 512, 2, 60, 65, 62, 76, 80, 85, 25
16, 0, 11, 2, 512, 4, 50, 55, 52, 76, 80, 85, 35
15, 0, 3, 15, 512, 4, 50, 55, 52, 76, 80, 85, 35
14, 0, 12, 7, 512, 6, 50, 55, 52, 86, 90, 95, 45
1, 0, 6, 5, 512, 2, 20, 25, 22, 36, 40, 45, 25
2, 0, 12, 7, 512, 6, 20, 25, 22, 56, 60, 65, 45
3, 0, 3, 15, 512, 4, 20, 25, 22, 46, 50, 55, 35
4, 0, 11, 2, 512, 4, 20, 25, 22, 46, 50, 55, 35
5, 0, 6, 5, 512, 2, 30, 35, 32, 46, 50, 55, 25
6, 0, 12, 7, 512, 6, 30, 35, 32, 66, 70, 75, 45
7, 0, 3, 15, 512, 4, 30, 35, 32, 56, 60, 65, 35
8, 0, 11, 2, 512, 4, 30, 35, 32, 56, 60, 65, 35
9, 0, 6, 5, 512, 2, 40, 45, 42, 56, 60, 65, 25
10, 0, 12, 7, 512, 6, 40, 45, 42, 76, 80, 85, 45
11, 0, 3, 15, 512, 4, 40, 45, 42, 66, 70, 75, 35
12, 0, 11, 2, 512, 4, 40, 45, 42, 66, 70, 75, 35
13, 0, 6, 5, 512, 2, 50, 55, 52, 66, 70, 75, 25
30, 0, 12, 7, 512, 6, 90, 95, 92, 126, 130, 135, 45
31, 0, 3, 15, 512, 4, 90, 95, 92, 116, 120, 125, 35
32, 0, 11, 2, 512, 4, 90, 95, 92, 116, 120, 125, 35
33, 0, 6, 5, 512, 2, 100, 105, 102, 116, 120, 125, 25
34, 0, 12, 7, 512, 6, 100, 105, 102, 136, 140, 145, 45
35, 0, 3, 15, 512, 4, 100, 105, 102, 126, 130, 135, 35
36, 0, 11, 2, 512, 4, 100, 105, 102, 126, 130, 135, 35
37, 0, 6, 5, 512, 2, 110, 115, 112, 126, 130, 135, 25
38, 0, 12, 7, 512, 6, 110, 115, 112, 146, 150, 155, 45
39, 0, 3, 15, 512, 4, 110, 115, 112, 136, 140, 145, 35
40, 0, 11, 2, 512, 4, 110, 115, 112, 136, 140, 145, 35
41, 0, 6, 5, 512, 2, 120, 125, 122, 136, 140, 145, 25
42, 0, 12, 7, 512, 6, 120, 125, 122, 156, 160, 165, 45
43, 0, 3, 15, 512, 4, 120, 125, 122, 146, 150, 155, 35
44, 0, 11, 2, 512, 4, 120, 125, 122, 146, 150, 155, 35
45, 0, 6, 5, 512, 2, 130, 135, 132, 146, 150, 155, 25
46, 0, 12, 7, 512, 6, 130, 135, 132, 166, 170, 175, 45
47, 0, 3, 15, 512, 4, 130, 135, 132, 156, 160, 165, 35
48, 0, 11, 2, 512, 4, 130, 135, 132, 156, 160, 165, 35
49, 0, 6, 5, 512, 2, 140, 145, 142, 156, 160, 165, 25
50, 0, 12, 7, 512, 6, 140, 145, 142, 176, 180, 185, 45
51, 0, 3, 15, 512, 4, 140, 145, 142, 166, 170, 175, 35
52, 0, 11, 2, 512, 4, 140, 145, 142, 166, 170, 175, 35
53, 0, 6, 5, 512, 2, 150, 155, 152, 166, 170, 175, 25
54, 0, 12, 7, 512, 6, 150, 155, 152, 186, 190, 195, 45
55, 0, 3, 15, 512, 4, 150, 155, 152, 176, 180, 185, 35
56, 0, 11, 2, 512, 4, 150, 155, 152, 176, 180, 185, 35
57, 0, 6, 5, 512, 2, 160, 165, 162, 176, 180, 185, 25
58, 0, 12, 7, 512, 6, 160, 165, 162, 196, 200, 205, 45
59, 0, 3, 15, 512, 4, 160, 165, 162, 186, 190, 195, 35
128, 0, 11, 2, 512, 4, 330, 335, 332, 356, 360, 365, 35
129, 0, 15, 2, 512, 5, 1350, 1355, 1352, 1381, 1385, 1390, 40
130, 0, 15, 2, 512, 5, 1360, 1365, 1362, 1391, 1395, 1400, 40
131, 0, 15, 2, 512, 5, 1370, 1375, 1372, 1401, 1405, 1410, 40
132, 0, 15, 2, 512, 5, 1380, 1385, 1382, 1411, 1415, 1420, 40
133, 0, 15, 2, 512, 5, 1390, 1395, 1392, 1421, 1425, 1430, 40
134, 0, 15, 2, 512, 5, 1400, 1405, 1402, 1431, 1435, 1440, 40
135, 0, 15, 2, 512, 5, 1410, 1415, 1412, 1441, 1445, 1450, 40
136, 0, 15, 2, 512, 5, 1420, 1425, 1422, 1451, 1455, 1460, 40
137, 0, 15, 2, 512, 5, 1430, 1435, 1432, 1461, 1465, 1470, 40
138, 0, 15, 2, 512, 5, 1440, 1445, 1442, 1471, 1475, 1480, 40
139, 0, 15, 2, 512, 5, 1450, 1455, 1452, 1481, 1485, 1490, 40
140, 0, 15, 2, 512, 5, 1460, 1465, 1462, 1491, 1495, 1500, 40
141, 0, 15, 2, 512, 5, 1470, 1475, 1472, 1501, 1505, 1510, 40
142, 0, 15, 2, 512, 5, 1480, 1485, 1482, 1511, 1515, 1520, 40
143, 0, 15, 2, 512, 5, 1490, 1495, 1492, 1521, 1525, 1530, 40
144, 0, 15, 2, 512, 5, 1500, 1505, 1502, 1531, 1535, 1540, 40
145, 0, 15, 2, 512, 5, 1510, 1515, 1512, 1541, 1545, 1550, 40
146, 0, 15, 2, 512, 5, 1520, 1525, 1522, 1551, 1555, 1560, 40
147, 0, 15, 2, 512, 5, 1530, 1535, 1532, 1561, 1565, 1570, 40
148, 0, 2, 7, 512, 3, 1530, 1535, 1532, 1551, 1555, 1560, 30
149, 0, 15, 2, 512, 5, 1540, 1545, 1542, 1571, 1575, 1580, 40
150, 0, 2, 7, 512, 3, 1540, 1545, 1542, 1561, 1565, 1570, 30
151, 0, 15, 2, 512, 5, 1550, 1555, 1552, 1581, 1585, 1590, 40
152, 0, 2, 7, 512, 3, 1550, 1555, 1552, 1571, 1575, 1580, 30
153, 0, 15, 2, 512, 5, 1560, 1565, 1562, 1591, 1595, 1600, 40
154, 0, 2, 7, 512, 3, 1560, 1565, 1562, 1581, 1585, 1590, 30
155, 0, 15, 2, 512, 5, 1570, 1575, 1572, 1601, 1605, 1610, 40
156, 0, 2, 7, 512, 3, 1570, 1575, 1572, 1591, 1595, 1600, 30
157, 0, 15, 2, 512, 5, 1580, 1585, 1582, 1611, 1615, 1620, 40
158, 0, 2, 7, 512, 3, 1580, 1585, 1582, 1601, 1605, 1610, 30
159, 0, 15, 2, 512, 5, 1590, 1595, 1592, 1621, 1625, 1630, 40
160, 0, 2, 7, 512, 3, 1590, 1595, 1592, 1611, 1615, 1620, 30
161, 0, 15, 2, 512, 5, 1600, 1605, 1602, 1631, 1635, 1640, 40
162, 0, 2, 7, 512, 3, 1600, 1605, 1602, 1621, 1625, 1630, 30
163, 0, 15, 2, 512, 5, 1610, 1615, 1612, 1641, 1645, 1650, 40
164, 0, 2, 7, 512, 3, 1610, 1615, 1612, 1631, 1635, 1640, 30
165, 0, 15, 2, 512, 5, 1620, 1625, 1622, 1651, 1655, 1660, 40
166, 0, 2, 7, 512, 3, 1620, 1625, 1622, 1641, 1645, 1650, 30
167, 0, 15, 2, 512, 5, 1630, 1635, 1632, 1661, 1665, 1670, 40
168, 0, 2, 7, 512, 3, 1630, 1635, 1632, 1651, 1655, 1660, 30
169, 0, 15, 2, 512, 5, 1640, 1645, 1642, 1671, 1675, 1680, 40
170, 0, 2, 7, 512, 3, 1640, 1645, 1642, 1661, 1665, 1670, 30
171, 0, 15, 2, 512, 5, 1650, 1655, 1652, 1681, 1685, 1690, 40
172, 0, 2, 7, 512, 3, 1650, 1655, 1652, 1671, 1675, 1680, 30
173, 0, 15, 2, 512, 5, 1660, 1665, 1662, 1691, 1695, 1700, 40
174, 0, 2, 7, 512, 3, 1660, 1665, 1662, 1681, 1685, 1690, 30
175, 0, 15, 2, 512, 5, 1670, 1675, 1672, 1701, 1705, 1710, 40
176, 0, 2, 7, 512, 3, 1670, 1675, 1672, 1691, 1695, 1700, 30
177, 0, 2, 7, 512, 3, 1680, 1685, 1682, 1701, 1705, 1710, 30
178, 0, 2, 7, 512, 3, 1690, 1695, 1692, 1711, 1715, 1720, 30
179, 0, 2, 7, 512, 3, 1700, 1705, 1702, 1721, 1725, 1730, 30
180, 0, 7, 5, 512, 3, 1700, 1705, 1702, 1721, 1725, 1730, 30
181, 0, 2, 7, 512, 3, 1710, 1715, 1712, 1731, 1735, 1740, 30
182, 0, 7, 5, 512, 3, 1710, 1715, 1712, 1731, 1735, 1740, 30
183, 0, 2, 7, 512, 3, 1720, 1725, 1722, 1741, 1745, 1750, 30
184, 0, 7, 5, 512, 3, 1720, 1725, 1722, 1741, 1745, 1750, 30
185, 0, 2, 7, 512, 3, 1730, 1735, 1732, 1751, 1755, 1760, 30
186, 0, 7, 5, 512, 3, 1730, 1735, 1732, 1751, 1755, 1760, 30
187, 0, 2, 7, 512, 3, 1740, 1745, 1742, 1761, 1765, 1770, 30
188, 0, 7, 5, 512, 3, 1740, 1745, 1742, 1761, 1765, 1770, 30
189, 0, 2, 7, 512, 3, 1750, 1755, 1752, 1771, 1775, 1780, 30
190, 0, 7, 5, 512, 3, 1750, 1755, 1752, 1771, 1775, 1780, 30
191, 0, 2, 7, 512, 3, 1760, 1765, 1762, 1781, 1785, 1790, 30
192, 0, 7, 5, 512, 3, 1760, 1765, 1762, 1781, 1785, 1790, 30
193, 0, 2, 7, 512, 3, 1770, 1775, 1772, 1791, 1795, 1800, 30
194, 0, 7, 5, 512, 3, 1770, 1775, 1772, 1791, 1795, 1800, 30
195, 0, 2, 7, 512, 3, 1780, 1785, 1782, 1801, 1805, 1810, 30
196, 0, 7, 5, 512, 3, 1780, 1785, 1782, 1801, 1805, 1810, 30
197, 0, 2, 7, 512, 3, 1790, 1795, 1792, 1811, 1815, 1820, 30
198, 0, 7, 5, 512, 3, 1790, 1795, 1792, 1811, 1815, 1820, 30
199, 0, 2, 7, 512, 3, 1800, 1805, 1802, 1821, 1825, 1830, 30
200, 0, 7, 5, 512, 3, 1800, 1805, 1802, 1821, 1825, 1830, 30
201, 0, 2, 7, 512, 3, 1810, 1815, 1812, 1831, 1835, 1840, 30
202, 0, 7, 5, 512, 3, 1810, 1815, 1812, 1831, 1835, 1840, 30
203, 0, 2, 7, 512, 3, 1820, 1825, 1822, 1841, 1845, 1850, 30
204, 0, 7, 5, 512, 3, 1820, 1825, 1822, 1841, 1845, 1850, 30
205, 0, 2, 7, 512, 3, 1830, 1835, 1832, 1851, 1855, 1860, 30
206, 0, 7, 5, 512, 3, 1830, 1835, 1832, 1851, 1855, 1860, 30
207, 0, 2, 7, 512, 3, 1840, 1845, 1842, 1861, 1865, 1870, 30
208, 0, 7, 5, 512, 3, 1840, 1845, 1842, 1861, 1865, 1870, 30
209, 0, 2, 7, 512, 3, 1850, 1855, 1852, 1871, 1875, 1880, 30
210, 0, 7, 5, 512, 3, 1850, 1855, 1852, 1871, 1875, 1880, 30
211, 0, 7, 5, 512, 3, 1860, 1865, 1862, 1881, 1885, 1890, 30
212, 0, 7, 5, 512, 3, 1870, 1875, 1872, 1891, 1895, 1900, 30
213, 0, 5, 0, 512, 3, 1870, 1875, 1872, 1891, 1895, 1900, 30
214, 0, 7, 5, 512, 3, 1880, 1885, 1882, 1901, 1905, 1910, 30
215, 0, 5, 10, 512, 3, 1880, 1885, 1882, 1901, 1905, 1910, 30
216, 0, 7, 5, 512, 3, 1890, 1895, 1892, 1911, 1915, 1920, 30
217, 0, 5, 8, 512, 3, 1890, 1895, 1892, 1911, 1915, 1920, 30
218, 0, 7, 5, 512, 3, 1900, 1905, 1902, 1921, 1925, 1930, 30
219, 0, 5, 0, 512, 3, 1900, 1905, 1902, 1921, 1925, 1930, 30
220, 0, 7, 5, 512, 3, 1910, 1915, 1912, 1931, 1935, 1940, 30
221, 0, 5, 10, 512, 3, 1910, 1915, 1912, 1931, 1935, 1940, 30
222, 0, 7, 5, 512, 3, 1920, 1925, 1922, 1941, 1945, 1950, 30
223, 0, 5, 8, 512, 3, 1920, 1925, 1922, 1941, 1945, 1950, 30
224, 0, 7, 5, 512, 3, 1930, 1935, 1932, 1951, 1955, 1960, 30
225, 0, 5, 0, 512, 3, 1930, 1935, 1932, 1951, 1955, 1960, 30
226, 0, 7, 5, 512, 3, 1940, 1945, 1942, 1961, 1965, 1970, 30
227, 0, 5, 10, 512, 3, 1940, 1945, 1942, 1961, 1965, 1970, 30
228, 0, 7, 5, 512, 3, 1950, 1955, 1952, 1971, 1975, 1980, 30
229, 0, 5, 8, 512, 3, 1950, 1955, 1952, 1971, 1975, 1980, 30
230, 0, 7, 5, 512, 3, 1960, 1965, 1962, 1981, 1985, 1990, 30
231, 0, 5, 0, 512, 3, 1960, 1965, 1962, 1981, 1985, 1990, 30
232, 0, 7, 5, 512, 3, 1970, 1975, 1972, 1991, 1995, 2000, 30
233, 0, 5, 10, 512, 3, 1970, 1975, 1972, 1991, 1995, 2000, 30
234, 0, 7, 5, 512, 3, 1980, 1985, 1982, 2001, 2005, 2010, 30
235, 0, 5, 8, 512, 3, 1980, 1985, 1982, 2001, 2005, 2010, 30
236, 0, 7, 5, 512, 3, 1990, 1995, 1992, 2011, 2015, 2020, 30
237, 0, 5, 0, 512, 3, 1990, 1995, 1992, 2011, 2015, 2020, 30
238, 0, 7, 5, 512, 3, 2000, 2005, 2002, 2021, 2025, 2030, 30
239, 0, 5, 10, 512, 3, 2000, 2005, 2002, 2021, 2025, 2030, 30
240, 0, 7, 5, 512, 3, 2010, 2015, 2012, 2031, 2035, 2040, 30
241, 0, 5, 8, 512, 3, 2010, 2015, 2012, 2031, 2035, 2040, 30
242, 0, 7, 5, 512, 3, 2020, 2025, 2022, 2041, 2045, 2050, 30
243, 0, 5, 0, 512, 3, 2020, 2025, 2022, 2041, 2045, 2050, 30
244, 0, 5, 10, 512, 3, 2030, 2035, 2032, 2051, 2055, 2060, 30
245, 0, 5, 8, 512, 3, 2040, 2045, 2042, 2061, 2065, 2070, 30
246, 0, 5, 0, 512, 3, 2050, 2055, 2052, 2071, 2075, 2080, 30
247, 0, 5, 10, 512, 3, 2060, 2065, 2062, 2081, 2085, 2090, 30
248, 0, 5, 8, 512, 3, 2070, 2075, 2072, 2091, 2095, 2100, 30
249, 0, 5, 0, 512, 3, 2080, 2085, 2082, 2101, 2105, 2110, 30
250, 0, 5, 10, 512, 3, 2090, 2095, 2092, 2111, 2115, 2120, 30
251, 0, 5, 8, 512, 3, 2100, 2105, 2102, 2121, 2125, 2130, 30
252, 0, 5, 0, 512, 3, 2110, 2115, 2112, 2131, 2135, 2140, 30
253, 0, 5, 10, 512, 3, 2120, 2125, 2122, 2141, 2145, 2150, 30
254, 0, 5, 8, 512, 3, 2130, 2135, 2132, 2151, 2155, 2160, 30
255, 0, 5, 0, 512, 3, 2140, 2145, 2142, 2161, 2165, 2170, 30
256, 0, 5, 10, 512, 3, 2150, 2155, 2152, 2171, 2175, 2180, 30
257, 0, 5, 8, 512, 3, 2160, 2165, 2162, 2181, 2185, 2190, 30
542, 0, 2, 7, 512, 3, 4540, 4545, 4542, 4561, 4565, 4570, 30
543, 0, 2, 7, 512, 3, 4550, 4555, 4552, 4571, 4575, 4580, 30
544, 0, 2, 7, 512, 3, 4560, 4565, 4562, 4581, 4585, 4590, 30
545, 0, 2, 7, 512, 3, 4570, 4575, 4572, 4591, 4595, 4600, 30
546, 0, 2, 7, 512, 3, 4580, 4585, 4582, 4601, 4605, 4610, 30
547, 0, 2, 7, 512, 3, 4590, 4595, 4592, 4611, 4615, 4620, 30
548, 0, 2, 7, 512, 3, 4600, 4605, 4602, 4621, 4625, 4630, 30
549, 0, 2, 7, 512, 3, 4610, 4615, 4612, 4631, 4635, 4640, 30
550, 0, 2, 7, 512, 3, 4620, 4625, 4622, 4641, 4645, 4650, 30
551, 0, 2, 7, 512, 3, 4630, 4635, 4632, 4651, 4655, 4660, 30
552, 0, 2, 7, 512, 3, 4640, 4645, 4642, 4661, 4665, 4670, 30
553, 0, 2, 7, 512, 3, 4650, 4655, 4652, 4671, 4675, 4680, 30
554, 0, 2, 7, 512, 3, 4660, 4665, 4662, 4681, 4685, 4690, 30
555, 0, 7, 5, 512, 3, 4670, 4675, 4672, 4691, 4695, 4700, 30
556, 0, 7, 5, 512, 3, 4680, 4685, 4682, 4701, 4705, 4710, 30
557, 0, 7, 5, 512, 3, 4690, 4695, 4692, 4711, 4715, 4720, 30
558, 0, 7, 5, 512, 3, 4700, 4705, 4702, 4721, 4725, 4730, 30
559, 0, 7, 5, 512, 3, 4710, 4715, 4712, 4731, 4735, 4740, 30
560, 0, 7, 5, 512, 3, 4720, 4725, 4722, 4741, 4745, 4750, 30
561, 0, 7, 5, 512, 3, 4730, 4735, 4732, 4751, 4755, 4760, 30
562, 0, 7, 5, 512, 3, 4740, 4745, 4742, 4761, 4765, 4770, 30
563, 0, 7, 5, 512, 3, 4750, 4755, 4752, 4771, 4775, 4780, 30
564, 0, 7, 5, 512, 3, 4760, 4765, 4762, 4781, 4785, 4790, 30
565, 0, 7, 5, 512, 3, 4770, 4775, 4772, 4791, 4795, 4800, 30
566, 0, 7, 5, 512, 3, 4780, 4785, 4782, 4801, 4805, 4810, 30
567, 0, 7, 5, 512, 3, 4790, 4795, 4792, 4811, 4815, 4820, 30
568, 0, 7, 5, 512, 3, 4800, 4805, 4802, 4821, 4825, 4830, 30
569, 0, 7, 5, 512, 3, 4810, 4815, 4812, 4831, 4835, 4840, 30
570, 0, 7, 5, 512, 3, 4820, 4825, 4822, 4841, 4845, 4850, 30
571, 0, 7, 5, 512, 3, 4830, 4835, 4832, 4851, 4855, 4860, 30
572, 0, 7, 5, 512, 3, 4840, 4845, 4842, 4861, 4865, 4870, 30
573, 0, 5, 0, 512, 3, 4840, 4845, 4842, 4861, 4865, 4870, 30
574, 0, 7, 5, 512, 3, 4850, 4855, 4852, 4871, 4875, 4880, 30
575, 0, 5, 10, 512, 3, 4850, 4855, 4852, 4871, 4875, 4880, 30
576, 0, 7, 5, 512, 3, 4860, 4865, 4862, 4881, 4885, 4890, 30
577, 0, 5, 8, 512, 3, 4860, 4865, 4862, 4881, 4885, 4890, 30
578, 0, 7, 5, 512, 3, 4870, 4875, 4872, 4891, 4895, 4900, 30
579, 0, 5, 0, 512, 3, 4870, 4875, 4872, 4891, 4895, 4900, 30
580, 0, 7, 5, 512, 3, 4880, 4885, 4882, 4901, 4905, 4910, 30
581, 0, 5, 10, 512, 3, 4880, 4885, 4882, 4901, 4905, 4910, 30
582, 0, 7, 5, 512, 3, 4890, 4895, 4892, 4911, 4915, 4920, 30
583, 0, 5, 8, 512, 3, 4890, 4895, 4892, 4911, 4915, 4920, 30
584, 0, 7, 5, 512, 3, 4900, 4905, 4902, 4921, 4925, 4930, 30
585, 0, 5, 0, 512, 3, 4900, 4905, 4902, 4921, 4925, 4930, 30
586, 0, 7, 5, 512, 3, 4910, 4915, 4912, 4931, 4935, 4940, 30
587, 0, 5, 10, 512, 3, 4910, 4915, 4912, 4931, 4935, 4940, 30
588, 0, 7, 5, 512, 3, 4920, 4925, 4922, 4941, 4945, 4950, 30
589, 0, 5, 8, 512, 3, 4920, 4925, 4922, 4941, 4945, 4950, 30
590, 0, 7, 5, 512, 3, 4930, 4935, 4932, 4951, 4955, 4960, 30
591, 0, 5, 0, 512, 3, 4930, 4935, 4932, 4951, 4955, 4960, 30
592, 0, 7, 5, 512, 3, 4940, 4945, 4942, 4961, 4965, 4970, 30
593, 0, 5, 10, 512, 3, 4940, 4945, 4942, 4961, 4965, 4970, 30
594, 0, 7, 5, 512, 3, 4950, 4955, 4952, 4971, 4975, 4980, 30
595, 0, 5, 8, 512, 3, 4950, 4955, 4952, 4971, 4975, 4980, 30
596, 0, 7, 5, 512, 3, 4960, 4965, 4962, 4981, 4985, 4990, 30
597, 0, 5, 0, 512, 3, 4960, 4965, 4962, 4981, 4985, 4990, 30
598, 0, 7, 5, 512, 3, 4970, 4975, 4972, 4991, 4995, 5000, 30
599, 0, 5, 10, 512, 3, 4970, 4975, 4972, 4991, 4995, 5000, 30
600, 0, 7, 5, 512, 3, 4980, 4985, 4982, 5001, 5005, 5010, 30
601, 0, 5, 8, 512, 3, 4980, 4985, 4982, 5001, 5005, 5010, 30
602, 0, 7, 5, 512, 3, 4990, 4995, 4992, 5011, 5015, 5020, 30
603, 0, 5, 0, 512, 3, 4990, 4995, 4992, 5011, 5015, 5020, 30
604, 0, 5, 10, 512, 3, 5000, 5005, 5002, 5021, 5025, 5030, 30
605, 0, 5, 8, 512, 3, 5010, 5015, 5012, 5031, 5035, 5040, 30
606, 0, 5, 0, 512, 3, 5020, 5025, 5022, 5041, 5045, 5050, 30
607, 0, 5, 10, 512, 3, 5030, 5035, 5032, 5051, 5055, 5060, 30
608, 0, 5, 8, 512, 3, 5040, 5045, 5042, 5061, 5065, 5070, 30
609, 0, 5, 0, 512, 3, 5050, 5055, 5052, 5071, 5075, 5080, 30
610, 0, 5, 10, 512, 3, 5060, 5065, 5062, 5081, 5085, 5090, 30
611, 0, 5, 8, 512, 3, 5070, 5075, 5072, 5091, 5095, 5100, 30
612, 0, 5, 0, 512, 3, 5080, 5085, 5082, 5101, 5105, 5110, 30
613, 0, 5, 10, 512, 3, 5090, 5095, 5092, 5111, 5115, 5120, 30
614, 0, 5, 8, 512, 3, 5100, 5105, 5102, 5121, 5125, 5130, 30
615, 0, 5, 0, 512, 3, 5110, 5115, 5112, 5131, 5135, 5140, 30
616, 0, 5, 10, 512, 3, 5120, 5125, 5122, 5141, 5145, 5150, 30
617, 0, 5, 8, 512, 3, 5130, 5135, 5132, 5151, 5155, 5160, 30
618, 0, 5, 0, 512, 3, 5140, 5145, 5142, 5161, 5165, 5170, 30
619, 0, 5, 10, 512, 3, 5150, 5155, 5152, 5171, 5175, 5180, 30
620, 0, 5, 8, 512, 3, 5160, 5165, 5162, 5181, 5185, 5190, 30
621, 0, 15, 2, 512, 5, 5325, 5330, 5327, 5356, 5360, 5365, 40
622, 0, 15, 2, 512, 5, 5335, 5340, 5337, 5366, 5370, 5375, 40
623, 0, 15, 2, 512, 5, 5345, 5350, 5347, 5376, 5380, 5385, 40
624, 0, 15, 2, 512, 5, 5355, 5360, 5357, 5386, 5390, 5395, 40
625, 0, 4, 13, 512, 4, 5355, 5360, 5357, 5381, 5385, 5390, 35
626, 0, 15, 2, 512, 5, 5365, 5370, 5367, 5396, 5400, 5405, 40
627, 0, 4, 13, 512, 4, 5365, 5370, 5367, 5391, 5395, 5400, 35
628, 0, 15, 2, 512, 5, 5375, 5380, 5377, 5406, 5410, 5415, 40
629, 0, 4, 13, 512, 4, 5375, 5380, 5377, 5401, 5405, 5410, 35
630, 0, 15, 2, 512, 5, 5385, 5390, 5387, 5416, 5420, 5425, 40
631, 0, 4, 13, 512, 4, 5385, 5390, 5387, 5411, 5415, 5420, 35
632, 0, 15, 2, 512, 5, 5395, 5400, 5397, 5426, 5430, 5435, 40
633, 0, 4, 13, 512, 4, 5395, 5400, 5397, 5421, 5425, 5430, 35
634, 0, 15, 2, 512, 5, 5405, 5410, 5407, 5436, 5440, 5445, 40
635, 0, 0, 10, 512, 5, 5405, 5410, 5407, 5436, 5440, 5445, 40
636, 0, 4, 13, 512, 4, 5405, 5410, 5407, 5431, 5435, 5440, 35
637, 0, 15, 2, 512, 5, 5415, 5420, 5417, 5446, 5450, 5455, 40
638, 0, 0, 10, 512, 5, 5415, 5420, 5417, 5446, 5450, 5455, 40
639, 0, 4, 13, 512, 4, 5415, 5420, 5417, 5441, 5445, 5450, 35
640, 0, 15, 2, 512, 5, 5425, 5430, 5427, 5456, 5460, 5465, 40
641, 0, 0, 10, 512, 5, 5425, 5430, 5427, 5456, 5460, 5465, 40
642, 0, 4, 13, 512, 4, 5425, 5430, 5427, 5451, 5455, 5460, 35
643, 0, 15, 2, 512, 5, 5435, 5440, 5437, 5466, 5470, 5475, 40
644, 0, 0, 10, 512, 5, 5435, 5440, 5437, 5466, 5470, 5475, 40
645, 0, 4, 13, 512, 4, 5435, 5440, 5437, 5461, 5465, 5470, 35
646, 0, 15, 2, 512, 5, 5445, 5450, 5447, 5476, 5480, 5485, 40
647, 0, 0, 10, 512, 5, 5445, 5450, 5447, 5476, 5480, 5485, 40
648, 0, 4, 13, 512, 4, 5445, 5450, 5447, 5471, 5475, 5480, 35
649, 0, 15, 2, 512, 5, 5455, 5460, 5457, 5486, 5490, 5495, 40
650, 0, 0, 10, 512, 5, 5455, 5460, 5457, 5486, 5490, 5495, 40
651, 0, 4, 13, 512, 4, 5455, 5460, 5457, 5481, 5485, 5490, 35
652, 0, 15, 2, 512, 5, 5465, 5470, 5467, 5496, 5500, 5505, 40
653, 0, 0, 10, 512, 5, 5465, 5470, 5467, 5496, 5500, 5505, 40
654, 0, 4, 13, 512, 4, 5465, 5470, 5467, 5491, 5495, 5500, 35
655, 0, 15, 2, 512, 5, 5475, 5480, 5477, 5506, 5510, 5515, 40
656, 0, 0, 10, 512, 5, 5475, 5480, 5477, 5506, 5510, 5515, 40
657, 0, 4, 13, 512, 4, 5475, 5480, 5477, 5501, 5505, 5510, 35
658, 0, 15, 2, 512, 5, 5485, 5490, 5487, 5516, 5520, 5525, 40
659, 0, 0, 10, 512, 5, 5485, 5490, 5487, 5516, 5520, 5525, 40
660, 0, 4, 13, 512, 4, 5485, 5490, 5487, 5511, 5515, 5520, 35
661, 0, 15, 2, 512, 5, 5495, 5500, 5497, 5526, 5530, 5535, 40
662, 0, 0, 10, 512, 5, 5495, 5500, 5497, 5526, 5530, 5535, 40
663, 0, 4, 13, 512, 4, 5495, 5500, 5497, 5521, 5525, 5530, 35
664, 0, 15, 2, 512, 5, 5505, 5510, 5507, 5536, 5540, 5545, 40
665, 0, 0, 10, 512, 5, 5505, 5510, 5507, 5536, 5540, 5545, 40
666, 0, 4, 13, 512, 4, 5505, 5510, 5507, 5531, 5535, 5540, 35
667, 0, 15, 2, 512, 5, 5515, 5520, 5517, 5546, 5550, 5555, 40
668, 0, 0, 10, 512, 5, 5515, 5520, 5517, 5546, 5550, 5555, 40
669, 0, 15, 2, 512, 5, 5525, 5530, 5527, 5556, 5560, 5565, 40
670, 0, 0, 10, 512, 5, 5525, 5530, 5527, 5556, 5560, 5565, 40
671, 0, 13, 9, 512, 2, 5530, 5535, 5532, 5546, 5550, 5555, 25
672, 0, 15, 2, 512, 5, 5535, 5540, 5537, 5566, 5570, 5575, 40
673, 0, 0, 10, 512, 5, 5535, 5540, 5537, 5566, 5570, 5575, 40
674, 0, 13, 14, 512, 2, 5540, 5545, 5542, 5556, 5560, 5565, 25
675, 0, 15, 2, 512, 5, 5545, 5550, 5547, 5576, 5580, 5585, 40
676, 0, 0, 10, 512, 5, 5545, 5550, 5547, 5576, 5580, 5585, 40
677, 0, 13, 9, 512, 2, 5550, 5555, 5552, 5566, 5570, 5575, 25
678, 0, 15, 2, 512, 5, 5555, 5560, 5557, 5586, 5590, 5595, 40
679, 0, 0, 10, 512, 5, 5555, 5560, 5557, 5586, 5590, 5595, 40
680, 0, 13, 14, 512, 2, 5560, 5565, 5562, 5576, 5580, 5585, 25
681, 0, 15, 2, 512, 5, 5565, 5570, 5567, 5596, 5600, 5605, 40
682, 0, 0, 10, 512, 5, 5565, 5570, 5567, 5596, 5600, 5605, 40
683, 0, 13, 9, 512, 2, 5570, 5575, 5572, 5586, 5590, 5595, 25
684, 0, 15, 2, 512, 5, 5575, 5580, 5577, 5606, 5610, 5615, 40
685, 0, 0, 10, 512, 5, 5575, 5580, 5577, 5606, 5610, 5615, 40
686, 0, 13, 14, 512, 2, 5580, 5585, 5582, 5596, 5600, 5605, 25
687, 0, 15, 2, 512, 5, 5585, 5590, 5587, 5616, 5620, 5625, 40
688, 0, 0, 10, 512, 5, 5585, 5590, 5587, 5616, 5620, 5625, 40
689, 0, 13, 9, 512, 2, 5590, 5595, 5592, 5606, 5610, 5615, 25
690, 0, 15, 2, 512, 5, 5595, 5600, 5597, 5626, 5630, 5635, 40
691, 0, 0, 10, 512, 5, 5595, 5600, 5597, 5626, 5630, 5635, 40
692, 0, 13, 14, 512, 2, 5600, 5605, 5602, 5616, 5620, 5625, 25
693, 0, 15, 2, 512, 5, 5605, 5610, 5607, 5636, 5640, 5645, 40
694, 0, 0, 10, 512, 5, 5605, 5610, 5607, 5636, 5640, 5645, 40
695, 0, 13, 9, 512, 2, 5610, 5615, 5612, 5626, 5630, 5635, 25
696, 0, 15, 2, 512, 5, 5615, 5620, 5617, 5646, 5650, 5655, 40
697, 0, 0, 10, 512, 5, 5615, 5620, 5617, 5646, 5650, 5655, 40
698, 0, 13, 14, 512, 2, 5620, 5625, 5622, 5636, 5640, 5645, 25
699, 0, 15, 2, 512, 5, 5625, 5630, 5627, 5656, 5660, 5665, 40
700, 0, 0, 10, 512, 5, 5625, 5630, 5627, 5656, 5660, 5665, 40
701, 0, 13, 9, 512, 2, 5630, 5635, 5632, 5646, 5650, 5655, 25
702, 0, 15, 2, 512, 5, 5635, 5640, 5637, 5666, 5670, 5675, 40
703, 0, 0, 10, 512, 5, 5635, 5640, 5637, 5666, 5670, 5675, 40
704, 0, 13, 14, 512, 2, 5640, 5645, 5642, 5656, 5660, 5665, 25
705, 0, 15, 2, 512, 5, 5645, 5650, 5647, 5676, 5680, 5685, 40
706, 0, 0, 10, 512, 5, 5645, 5650, 5647, 5676, 5680, 5685, 40
707, 0, 13, 9, 512, 2, 5650, 5655, 5652, 5666, 5670, 5675, 25
708, 0, 0, 10, 512, 5, 5655, 5660, 5657, 5686, 5690, 5695, 40
709, 0, 13, 14, 512, 2, 5660, 5665, 5662, 5676, 5680, 5685, 25
710, 0, 2, 7, 512, 3, 5665, 5670, 5667, 5686, 5690, 5695, 30
711, 0, 0, 10, 512, 5, 5665, 5670, 5667, 5696, 5700, 5705, 40
712, 0, 13, 9, 512, 2, 5670, 5675, 5672, 5686, 5690, 5695, 25
713, 0, 2, 7, 512, 3, 5675, 5680, 5677, 5696, 5700, 5705, 30
714, 0, 0, 10, 512, 5, 5675, 5680, 5677, 5706, 5710, 5715, 40
715, 0, 13, 14, 512, 2, 5680, 5685, 5682, 5696, 5700, 5705, 25
716, 0, 2, 7, 512, 3, 5685, 5690, 5687, 5706, 5710, 5715, 30
717, 0, 0, 10, 512, 5, 5685, 5690, 5687, 5716, 5720, 5725, 40
718, 0, 2, 7, 512, 3, 5695, 5700, 5697, 5716, 5720, 5725, 30
719, 0, 0, 10, 512, 5, 5695, 5700, 5697, 5726, 5730, 5735, 40
720, 0, 2, 7, 512, 3, 5705, 5710, 5707, 5726, 5730, 5735, 30
721, 0, 0, 10, 512, 5, 5705, 5710, 5707, 5736, 5740, 5745, 40
722, 0, 2, 7, 512, 3, 5715, 5720, 5717, 5736, 5740, 5745, 30
723, 0, 0, 10, 512, 5, 5715, 5720, 5717, 5746, 5750, 5755, 40
724, 0, 2, 7, 512, 3, 5725, 5730, 5727, 5746, 5750, 5755, 30
725, 0, 2, 7, 512, 3, 5735, 5740, 5737, 5756, 5760, 5765, 30
726, 0, 10, 8, 512, 3, 5740, 5745, 5742, 5761, 5765, 5770, 30
727, 0, 2, 7, 512, 3, 5745, 5750, 5747, 5766, 5770, 5775, 30
728, 0, 10, 8, 512, 3, 5750, 5755, 5752, 5771, 5775, 5780, 30
729, 0, 2, 7, 512, 3, 5755, 5760, 5757, 5776, 5780, 5785, 30
730, 0, 10, 8, 512, 3, 5760, 5765, 5762, 5781, 5785, 5790, 30
731, 0, 2, 7, 512, 3, 5765, 5770, 5767, 5786, 5790, 5795, 30
732, 0, 10, 8, 512, 3, 5770, 5775, 5772, 5791, 5795, 5800, 30
733, 0, 2, 7, 512, 3, 5775, 5780, 5777, 5796, 5800, 5805, 30
734, 0, 10, 8, 512, 3, 5780, 5785, 5782, 5801, 5805, 5810, 30
735, 0, 2, 7, 512, 3, 5785, 5790, 5787, 5806, 5810, 5815, 30
736, 0, 10, 8, 512, 3, 5790, 5795, 5792, 5811, 5815, 5820, 30
737, 0, 2, 7, 512, 3, 5795, 5800, 5797, 5816, 5820, 5825, 30
738, 0, 10, 8, 512, 3, 5800, 5805, 5802, 5821, 5825, 5830, 30
739, 0, 2, 7, 512, 3, 5805, 5810, 5807, 5826, 5830, 5835, 30
740, 0, 10, 8, 512, 3, 5810, 5815, 5812, 5831, 5835, 5840, 30
741, 0, 2, 7, 512, 3, 5815, 5820, 5817, 5836, 5840, 5845, 30
742, 0, 10, 8, 512, 3, 5820, 5825, 5822, 5841, 5845, 5850, 30
743, 0, 2, 7, 512, 3, 5825, 5830, 5827, 5846, 5850, 5855, 30
744, 0, 10, 8, 512, 3, 5830, 5835, 5832, 5851, 5855, 5860, 30
745, 0, 2, 7, 512, 3, 5835, 5840, 5837, 5856, 5860, 5865, 30
746, 0, 10, 8, 512, 3, 5840, 5845, 5842, 5861, 5865, 5870, 30
747, 0, 2, 7, 512, 3, 5845, 5850, 5847, 5866, 5870, 5875, 30
748, 0, 10, 8, 512, 3, 5850, 5855, 5852, 5871, 5875, 5880, 30
749, 0, 2, 7, 512, 3, 5855, 5860, 5857, 5876, 5880, 5885, 30
750, 0, 10, 8, 512, 3, 5860, 5865, 5862, 5881, 5885, 5890, 30
751, 0, 2, 7, 512, 3, 5865, 5870, 5867, 5886, 5890, 5895, 30
752, 0, 10, 8, 512, 3, 5870, 5875, 5872, 5891, 5895, 5900, 30
753, 0, 2, 7, 512, 3, 5875, 5880, 5877, 5896, 5900, 5905, 30
754, 0, 10, 8, 512, 3, 5880, 5885, 5882, 5901, 5905, 5910, 30
755, 0, 2, 7, 512, 3, 5885, 5890, 5887, 5906, 5910, 5915, 30
756, 0, 10, 8, 512, 3, 5890, 5895, 5892, 5911, 5915, 5920, 30
757, 0, 2, 7, 512, 3, 5895, 5900, 5897, 5916, 5920, 5925, 30
758, 0, 10, 8, 512, 3, 5900, 5905, 5902, 5921, 5925, 5930, 30
759, 0, 2, 7, 512, 3, 5905, 5910, 5907, 5926, 5930, 5935, 30
760, 0, 10, 8, 512, 3, 5910, 5915, 5912, 5931, 5935, 5940, 30
761, 0, 2, 7, 512, 3, 5915, 5920, 5917, 5936, 5940, 5945, 30
762, 0, 8, 4, 512, 2, 5915, 5920, 5917, 5931, 5935, 5940, 25
763, 0, 10, 8, 512, 3, 5920, 5925, 5922, 5941, 5945, 5950, 30
764, 0, 2, 7, 512, 3, 5925, 5930, 5927, 5946, 5950, 5955, 30
765, 0, 8, 13, 512, 3, 5925, 5930, 5927, 5946, 5950, 5955, 30
766, 0, 10, 8, 512, 3, 5930, 5935, 5932, 5951, 5955, 5960, 30
767, 0, 2, 7, 512, 3, 5935, 5940, 5937, 5956, 5960, 5965, 30
768, 0, 8, 4, 512, 2, 5935, 5940, 5937, 5951, 5955, 5960, 25
769, 0, 10, 8, 512, 3, 5940, 5945, 5942, 5961, 5965, 5970, 30
770, 0, 2, 7, 512, 3, 5945, 5950, 5947, 5966, 5970, 5975, 30
771, 0, 8, 13, 512, 3, 5945, 5950, 5947, 5966, 5970, 5975, 30
772, 0, 10, 8, 512, 3, 5950, 5955, 5952, 5971, 5975, 5980, 30
773, 0, 2, 7, 512, 3, 5955, 5960, 5957, 5976, 5980, 5985, 30
774, 0, 8, 4, 512, 2, 5955, 5960, 5957, 5971, 5975, 5980, 25
775, 0, 10, 8, 512, 3, 5960, 5965, 5962, 5981, 5985, 5990, 30
776, 0, 2, 7, 512, 3, 5965, 5970, 5967, 5986, 5990, 5995, 30
777, 0, 8, 13, 512, 3, 5965, 5970, 5967, 5986, 5990, 5995, 30
778, 0, 10, 8, 512, 3, 5970, 5975, 5972, 5991, 5995, 6000, 30
779, 0, 2, 7, 512, 3, 5975, 5980, 5977, 5996, 6000, 6005, 30
780, 0, 8, 4, 512, 2, 5975, 5980, 5977, 5991, 5995, 6000, 25
781, 0, 9, 14, 512, 3, 5975, 5980, 5977, 5996, 6000, 6005, 30
782, 0, 10, 8, 512, 3, 5980, 5985, 5982, 6001, 6005, 6010, 30
783, 0, 2, 7, 512, 3, 5985, 5990, 5987, 6006, 6010, 6015, 30
784, 0, 8, 13, 512, 3, 5985, 5990, 5987, 6006, 6010, 6015, 30
785, 0, 9, 14, 512, 3, 5985, 5990, 5987, 6006, 6010, 6015, 30
786, 0, 10, 8, 512, 3, 5990, 5995, 5992, 6011, 6015, 6020, 30
787, 0, 7, 5, 512, 3, 5995, 6000, 5997, 6016, 6020, 6025, 30
788, 0, 8, 4, 512, 2, 5995, 6000, 5997, 6011, 6015, 6020, 25
789, 0, 9, 14, 512, 3, 5995, 6000, 5997, 6016, 6020, 6025, 30
790, 0, 10, 8, 512, 3, 6000, 6005, 6002, 6021, 6025, 6030, 30
791, 0, 7, 5, 512, 3, 6005, 6010, 6007, 6026, 6030, 6035, 30
792, 0, 8, 13, 512, 3, 6005, 6010, 6007, 6026, 6030, 6035, 30
793, 0, 9, 14, 512, 3, 6005, 6010, 6007, 6026, 6030, 6035, 30
794, 0, 10, 8, 512, 3, 6010, 6015, 6012, 6031, 6035, 6040, 30
795, 0, 7, 5, 512, 3, 6015, 6020, 6017, 6036, 6040, 6045, 30
796, 0, 8, 4, 512, 2, 6015, 6020, 6017, 6031, 6035, 6040, 25
797, 0, 9, 14, 512, 3, 6015, 6020, 6017, 6036, 6040, 6045, 30
798, 0, 10, 8, 512, 3, 6020, 6025, 6022, 6041, 6045, 6050, 30
799, 0, 7, 5, 512, 3, 6025, 6030, 6027, 6046, 6050, 6055, 30
800, 0, 8, 13, 512, 3, 6025, 6030, 6027, 6046, 6050, 6055, 30
801, 0, 9, 14, 512, 3, 6025, 6030, 6027, 6046, 6050, 6055, 30
802, 0, 10, 8, 512, 3, 6030, 6035, 6032, 6051, 6055, 6060, 30
803, 0, 7, 5, 512, 3, 6035, 6040, 6037, 6056, 6060, 6065, 30
804, 0, 8, 4, 512, 2, 6035, 6040, 6037, 6051, 6055, 6060, 25
805, 0, 9, 14, 512, 3, 6035, 6040, 6037, 6056, 6060, 6065, 30
806, 0, 10, 8, 512, 3, 6040, 6045, 6042, 6061, 6065, 6070, 30
807, 0, 7, 5, 512, 3, 6045, 6050, 6047, 6066, 6070, 6075, 30
808, 0, 8, 13, 512, 3, 6045, 6050, 6047, 6066, 6070, 6075, 30
809, 0, 9, 14, 512, 3, 6045, 6050, 6047, 6066, 6070, 6075, 30
810, 0, 10, 8, 512, 3, 6050, 6055, 6052, 6071, 6075, 6080, 30
811, 0, 7, 5, 512, 3, 6055, 6060, 6057, 6076, 6080, 6085, 30
812, 0, 8, 4, 512, 2, 6055, 6060, 6057, 6071, 6075, 6080, 25
813, 0, 7, 5, 512, 3, 6065, 6070, 6067, 6086, 6090, 6095, 30
814, 0, 8, 13, 512, 3, 6065, 6070, 6067, 6086, 6090, 6095, 30
815, 0, 7, 5, 512, 3, 6075, 6080, 6077, 6096, 6100, 6105, 30
816, 0, 8, 4, 512, 2, 6075, 6080, 6077, 6091, 6095, 6100, 25
817, 0, 7, 5, 512, 3, 6085, 6090, 6087, 6106, 6110, 6115, 30
818, 0, 8, 13, 512, 3, 6085, 6090, 6087, 6106, 6110, 6115, 30
819, 0, 7, 5, 512, 3, 6095, 6100, 6097, 6116, 6120, 6125, 30
820, 0, 8, 4, 512, 2, 6095, 6100, 6097, 6111, 6115, 6120, 25
821, 0, 7, 5, 512, 3, 6105, 6110, 6107, 6126, 6130, 6135, 30
822, 0, 8, 13, 512, 3, 6105, 6110, 6107, 6126, 6130, 6135, 30
823, 0, 7, 5, 512, 3, 6115, 6120, 6117, 6136, 6140, 6145, 30
824, 0, 8, 4, 512, 2, 6115, 6120, 6117, 6131, 6135, 6140, 25
825, 0, 7, 5, 512, 3, 6125, 6130, 6127, 6146, 6150, 6155, 30
826, 0, 8, 13, 512, 3, 6125, 6130, 6127, 6146, 6150, 6155, 30
827, 0, 7, 5, 512, 3, 6135, 6140, 6137, 6156, 6160, 6165, 30
828, 0, 8, 4, 512, 2, 6135, 6140, 6137, 6151, 6155, 6160, 25
829, 0, 7, 5, 512, 3, 6145, 6150, 6147, 6166, 6170, 6175, 30
830, 0, 8, 13, 512, 3, 6145, 6150, 6147, 6166, 6170, 6175, 30
831, 0, 14, 1, 512, 5, 6145, 6150, 6147, 6176, 6180, 6185, 40
832, 0, 7, 5, 512, 3, 6155, 6160, 6157, 6176, 6180, 6185, 30
833, 0, 8, 4, 512, 2, 6155, 6160, 6157, 6171, 6175, 6180, 25
834, 0, 14, 1, 512, 5, 6155, 6160, 6157, 6186, 6190, 6195, 40
835, 0, 7, 5, 512, 3, 6165, 6170, 6167, 6186, 6190, 6195, 30
836, 0, 8, 13, 512, 3, 6165, 6170, 6167, 6186, 6190, 6195, 30
837, 0, 14, 1, 512, 5, 6165, 6170, 6167, 6196, 6200, 6205, 40
838, 0, 7, 5, 512, 3, 6175, 6180, 6177, 6196, 6200, 6205, 30
839, 0, 8, 4, 512, 2, 6175, 6180, 6177, 6191, 6195, 6200, 25
840, 0, 14, 1, 512, 5, 6175, 6180, 6177, 6206, 6210, 6215, 40
841, 0, 7, 5, 512, 3, 6185, 6190, 6187, 6206, 6210, 6215, 30
842, 0, 8, 13, 512, 3, 6185, 6190, 6187, 6206, 6210, 6215, 30
843, 0, 14, 1, 512, 5, 6185, 6190, 6187, 6216, 6220, 6225, 40
844, 0, 7, 5, 512, 3, 6195, 6200, 6197, 6216, 6220, 6225, 30
845, 0, 8, 4, 512, 2, 6195, 6200, 6197, 6211, 6215, 6220, 25
846, 0, 14, 1, 512, 5, 6195, 6200, 6197, 6226, 6230, 6235, 40
847, 0, 7, 5, 512, 3, 6205, 6210, 6207, 6226, 6230, 6235, 30
848, 0, 8, 13, 512, 3, 6205, 6210, 6207, 6226, 6230, 6235, 30
849, 0, 14, 1, 512, 5, 6205, 6210, 6207, 6236, 6240, 6245, 40
850, 0, 7, 5, 512, 3, 6215, 6220, 6217, 6236, 6240, 6245, 30
851, 0, 8, 4, 512, 2, 6215, 6220, 6217, 6231, 6235, 6240, 25
852, 0, 14, 1, 512, 5, 6215, 6220, 6217, 6246, 6250, 6255, 40
853, 0, 7, 5, 512, 3, 6225, 6230, 6227, 6246, 6250, 6255, 30
854, 0, 8, 13, 512, 3, 6225, 6230, 6227, 6246, 6250, 6255, 30
855, 0, 7, 5, 512, 3, 6235, 6240, 6237, 6256, 6260, 6265, 30
856, 0, 7, 5, 512, 3, 6245, 6250, 6247, 6266, 6270, 6275, 30
857, 0, 7, 5, 512, 3, 6255, 6260, 6257, 6276, 6280, 6285, 30
858, 0, 7, 5, 512, 3, 6265, 6270, 6267, 6286, 6290, 6295, 30
859, 0, 7, 5, 512, 3, 6275, 6280, 6277, 6296, 6300, 6305, 30
860, 0, 7, 5, 512, 3, 6285, 6290, 6287, 6306, 6310, 6315, 30
861, 0, 7, 5, 512, 3, 6295, 6300, 6297, 6316, 6320, 6325, 30
862, 0, 7, 5, 512, 3, 6305, 6310, 6307, 6326, 6330, 6335, 30
863, 0, 7, 5, 512, 3, 6315, 6320, 6317, 6336, 6340, 6345, 30
864, 0, 5, 0, 512, 3, 6325, 6330, 6327, 6346, 6350, 6355, 30
865, 0, 5, 10, 512, 3, 6335, 6340, 6337, 6356, 6360, 6365, 30
866, 0, 5, 8, 512, 3, 6345, 6350, 6347, 6366, 6370, 6375, 30
867, 0, 5, 0, 512, 3, 6355, 6360, 6357, 6376, 6380, 6385, 30
868, 0, 5, 10, 512, 3, 6365, 6370, 6367, 6386, 6390, 6395, 30
869, 0, 5, 8, 512, 3, 6375, 6380, 6377, 6396, 6400, 6405, 30
870, 0, 5, 0, 512, 3, 6385, 6390, 6387, 6406, 6410, 6415, 30
871, 0, 5, 10, 512, 3, 6395, 6400, 6397, 6416, 6420, 6425, 30
872, 0, 5, 8, 512, 3, 6405, 6410, 6407, 6426, 6430, 6435, 30
873, 0, 5, 0, 512, 3, 6415, 6420, 6417, 6436, 6440, 6445, 30
874, 0, 5, 10, 512, 3, 6425, 6430, 6427, 6446, 6450, 6455, 30
875, 0, 5, 8, 512, 3, 6435, 6440, 6437, 6456, 6460, 6465, 30
876, 0, 5, 0, 512, 3, 6445, 6450, 6447, 6466, 6470, 6475, 30
877, 0, 5, 10, 512, 3, 6455, 6460, 6457, 6476, 6480, 6485, 30
878, 0, 5, 8, 512, 3, 6465, 6470, 6467, 6486, 6490, 6495, 30
879, 0, 5, 0, 512, 3, 6475, 6480, 6477, 6496, 6500, 6505, 30
880, 0, 5, 10, 512, 3, 6485, 6490, 6487, 6506, 6510, 6515, 30
881, 0, 5, 8, 512, 3, 6495, 6500, 6497, 6516, 6520, 6525, 30
882, 0, 5, 0, 512, 3, 6505, 6510, 6507, 6526, 6530, 6535, 30
883, 0, 5, 10, 512, 3, 6515, 6520, 6517, 6536, 6540, 6545, 30
884, 0, 5, 8, 512, 3, 6525, 6530, 6527, 6546, 6550, 6555, 30
885, 0, 5, 0, 512, 3, 6535, 6540, 6537, 6556, 6560, 6565, 30
886, 0, 5, 10, 512, 3, 6545, 6550, 6547, 6566, 6570, 6575, 30
887, 0, 5, 8, 512, 3, 6555, 6560, 6557, 6576, 6580, 6585, 30
888, 0, 5, 0, 512, 3, 6565, 6570, 6567, 6586, 6590, 6595, 30
889, 0, 5, 10, 512, 3, 6575, 6580, 6577, 6596, 6600, 6605, 30
890, 0, 5, 8, 512, 3, 6585, 6590, 6587, 6606, 6610, 6615, 30
891, 0, 5, 0, 512, 3, 6595, 6600, 6597, 6616, 6620, 6625, 30
892, 0, 5, 10, 512, 3, 6605, 6610, 6607, 6626, 6630, 6635, 30
893, 0, 5, 8, 512, 3, 6615, 6620, 6617, 6636, 6640, 6645, 30
894, 0, 5, 0, 512, 3, 6625, 6630, 6627, 6646, 6650, 6655, 30
895, 0, 5, 10, 512, 3, 6635, 6640, 6637, 6656, 6660, 6665, 30
896, 0, 5, 8, 512, 3, 6645, 6650, 6647, 6666, 6670, 6675, 30
897, 0, 0, 10, 512, 5, 7170, 7175, 7172, 7201, 7205, 7210, 40
898, 0, 0, 10, 512, 5, 7180, 7185, 7182, 7211, 7215, 7220, 40
899, 0, 0, 10, 512, 5, 7190, 7195, 7192, 7221, 7225, 7230, 40
900, 0, 0, 10, 512, 5, 7200, 7205, 7202, 7231, 7235, 7240, 40
901, 0, 0, 10, 512, 5, 7210, 7215, 7212, 7241, 7245, 7250, 40
902, 0, 0, 10, 512, 5, 7220, 7225, 7222, 7251, 7255, 7260, 40
903, 0, 0, 10, 512, 5, 7230, 7235, 7232, 7261, 7265, 7270, 40
904, 0, 0, 10, 512, 5, 7240, 7245, 7242, 7271, 7275, 7280, 40
905, 0, 0, 10, 512, 5, 7250, 7255, 7252, 7281, 7285, 7290, 40
906, 0, 0, 10, 512, 5, 7260, 7265, 7262, 7291, 7295, 7300, 40
907, 0, 0, 10, 512, 5, 7270, 7275, 7272, 7301, 7305, 7310, 40
908, 0, 0, 10, 512, 5, 7280, 7285, 7282, 7311, 7315, 7320, 40
909, 0, 4, 13, 512, 4, 7280, 7285, 7282, 7306, 7310, 7315, 35
910, 0, 0, 10, 512, 5, 7290, 7295, 7292, 7321, 7325, 7330, 40
911, 0, 4, 13, 512, 4, 7290, 7295, 7292, 7316, 7320, 7325, 35
912, 0, 0, 10, 512, 5, 7300, 7305, 7302, 7331, 7335, 7340, 40
913, 0, 4, 13, 512, 4, 7300, 7305, 7302, 7326, 7330, 7335, 35
914, 0, 0, 10, 512, 5, 7310, 7315, 7312, 7341, 7345, 7350, 40
915, 0, 4, 13, 512, 4, 7310, 7315, 7312, 7336, 7340, 7345, 35
916, 0, 0, 10, 512, 5, 7320, 7325, 7322, 7351, 7355, 7360, 40
917, 0, 4, 13, 512, 4, 7320, 7325, 7322, 7346, 7350, 7355, 35
918, 0, 0, 10, 512, 5, 7330, 7335, 7332, 7361, 7365, 7370, 40
919, 0, 4, 13, 512, 4, 7330, 7335, 7332, 7356, 7360, 7365, 35
920, 0, 0, 10, 512, 5, 7340, 7345, 7342, 7371, 7375, 7380, 40
921, 0, 4, 13, 512, 4, 7340, 7345, 7342, 7366, 7370, 7375, 35
922, 0, 0, 10, 512, 5, 7350, 7355, 7352, 7381, 7385, 7390, 40
923, 0, 4, 13, 512, 4, 7350, 7355, 7352, 7376, 7380, 7385, 35
924, 0, 0, 10, 512, 5, 7360, 7365, 7362, 7391, 7395, 7400, 40
925, 0, 4, 13, 512, 4, 7360, 7365, 7362, 7386, 7390, 7395, 35
926, 0, 0, 10, 512, 5, 7370, 7375, 7372, 7401, 7405, 7410, 40
927, 0, 4, 13, 512, 4, 7370, 7375, 7372, 7396, 7400, 7405, 35
928, 0, 0, 10, 512, 5, 7380, 7385, 7382, 7411, 7415, 7420, 40
929, 0, 4, 13, 512, 4, 7380, 7385, 7382, 7406, 7410, 7415, 35
930, 0, 0, 10, 512, 5, 7390, 7395, 7392, 7421, 7425, 7430, 40
931, 0, 4, 13, 512, 4, 7390, 7395, 7392, 7416, 7420, 7425, 35
932, 0, 0, 10, 512, 5, 7400, 7405, 7402, 7431, 7435, 7440, 40
933, 0, 4, 13, 512, 4, 7400, 7405, 7402, 7426, 7430, 7435, 35
934, 0, 0, 10, 512, 5, 7410, 7415, 7412, 7441, 7445, 7450, 40
935, 0, 4, 13, 512, 4, 7410, 7415, 7412, 7436, 7440, 7445, 35
936, 0, 0, 10, 512, 5, 7420, 7425, 7422, 7451, 7455, 7460, 40
937, 0, 4, 13, 512, 4, 7420, 7425, 7422, 7446, 7450, 7455, 35
938, 0, 0, 10, 512, 5, 7430, 7435, 7432, 7461, 7465, 7470, 40
939, 0, 4, 13, 512, 4, 7430, 7435, 7432, 7456, 7460, 7465, 35
940, 0, 0, 10, 512, 5, 7440, 7445, 7442, 7471, 7475, 7480, 40
941, 0, 0, 10, 512, 5, 7450, 7455, 7452, 7481, 7485, 7490, 40
942, 0, 13, 9, 512, 2, 7455, 7460, 7457, 7471, 7475, 7480, 25
943, 0, 0, 10, 512, 5, 7460, 7465, 7462, 7491, 7495, 7500, 40
944, 0, 13, 14, 512, 2, 7465, 7470, 7467, 7481, 7485, 7490, 25
945, 0, 0, 10, 512, 5, 7470, 7475, 7472, 7501, 7505, 7510, 40
946, 0, 13, 9, 512, 2, 7475, 7480, 7477, 7491, 7495, 7500, 25
947, 0, 0, 10, 512, 5, 7480, 7485, 7482, 7511, 7515, 7520, 40
948, 0, 13, 14, 512, 2, 7485, 7490, 7487, 7501, 7505, 7510, 25
949, 0, 13, 9, 512, 2, 7495, 7500, 7497, 7511, 7515, 7520, 25
950, 0, 13, 14, 512, 2, 7505, 7510, 7507, 7521, 7525, 7530, 25
951, 0, 10, 8, 512, 3, 7505, 7510, 7507, 7526, 7530, 7535, 30
952, 0, 13, 9, 512, 2, 7515, 7520, 7517, 7531, 7535, 7540, 25
953, 0, 10, 8, 512, 3, 7515, 7520, 7517, 7536, 7540, 7545, 30
954, 0, 13, 14, 512, 2, 7525, 7530, 7527, 7541, 7545, 7550, 25
955, 0, 10, 8, 512, 3, 7525, 7530, 7527, 7546, 7550, 7555, 30
956, 0, 13, 9, 512, 2, 7535, 7540, 7537, 7551, 7555, 7560, 25
957, 0, 10, 8, 512, 3, 7535, 7540, 7537, 7556, 7560, 7565, 30
958, 0, 13, 14, 512, 2, 7545, 7550, 7547, 7561, 7565, 7570, 25
959, 0, 10, 8, 512, 3, 7545, 7550, 7547, 7566, 7570, 7575, 30
960, 0, 13, 9, 512, 2, 7555, 7560, 7557, 7571, 7575, 7580, 25
961, 0, 10, 8, 512, 3, 7555, 7560, 7557, 7576, 7580, 7585, 30
962, 0, 13, 14, 512, 2, 7565, 7570, 7567, 7581, 7585, 7590, 25
963, 0, 10, 8, 512, 3, 7565, 7570, 7567, 7586, 7590, 7595, 30
964, 0, 13, 9, 512, 2, 7575, 7580, 7577, 7591, 7595, 7600, 25
965, 0, 10, 8, 512, 3, 7575, 7580, 7577, 7596, 7600, 7605, 30
966, 0, 13, 14, 512, 2, 7585, 7590, 7587, 7601, 7605, 7610, 25
967, 0, 10, 8, 512, 3, 7585, 7590, 7587, 7606, 7610, 7615, 30
968, 0, 13, 9, 512, 2, 7595, 7600, 7597, 7611, 7615, 7620, 25
969, 0, 10, 8, 512, 3, 7595, 7600, 7597, 7616, 7620, 7625, 30
970, 0, 13, 14, 512, 2, 7605, 7610, 7607, 7621, 7625, 7630, 25
971, 0, 10, 8, 512, 3, 7605, 7610, 7607, 7626, 7630, 7635, 30
972, 0, 10, 8, 512, 3, 7615, 7620, 7617, 7636, 7640, 7645, 30
973, 0, 10, 8, 512, 3, 7625, 7630, 7627, 7646, 7650, 7655, 30
974, 0, 10, 8, 512, 3, 7635, 7640, 7637, 7656, 7660, 7665, 30
975, 0, 10, 8, 512, 3, 7645, 7650, 7647, 7666, 7670, 7675, 30
976, 0, 10, 8, 512, 3, 7655, 7660, 7657, 7676, 7680, 7685, 30
977, 0, 10, 8, 512, 3, 7665, 7670, 7667, 7686, 7690, 7695, 30
978, 0, 10, 8, 512, 3, 7675, 7680, 7677, 7696, 7700, 7705, 30
979, 0, 10, 8, 512, 3, 7685, 7690, 7687, 7706, 7710, 7715, 30
980, 0, 10, 8, 512, 3, 7695, 7700, 7697, 7716, 7720, 7725, 30
981, 0, 10, 8, 512, 3, 7705, 7710, 7707, 7726, 7730, 7735, 30
982, 0, 10, 8, 512, 3, 7715, 7720, 7717, 7736, 7740, 7745, 30
983, 0, 10, 8, 512, 3, 7725, 7730, 7727, 7746, 7750, 7755, 30
984, 0, 10, 8, 512, 3, 7735, 7740, 7737, 7756, 7760, 7765, 30
985, 0, 10, 8, 512, 3, 7745, 7750, 7747, 7766, 7770, 7775, 30
986, 0, 10, 8, 512, 3, 7755, 7760, 7757, 7776, 7780, 7785, 30
987, 0, 10, 8, 512, 3, 7765, 7770, 7767, 7786, 7790, 7795, 30
988, 0, 10, 8, 512, 3, 7775, 7780, 7777, 7796, 7800, 7805, 30
989, 0, 10, 8, 512, 3, 7785, 7790, 7787, 7806, 7810, 7815, 30
990, 0, 10, 8, 512, 3, 7795, 7800, 7797, 7816, 7820, 7825, 30
991, 0, 10, 8, 512, 3, 7805, 7810, 7807, 7826, 7830, 7835, 30
992, 0, 10, 8, 512, 3, 7815, 7820, 7817, 7836, 7840, 7845, 30
993, 0, 8, 4, 512, 2, 7830, 7835, 7832, 7846, 7850, 7855, 25
994, 0, 8, 13, 512, 3, 7840, 7845, 7842, 7861, 7865, 7870, 30
995, 0, 8, 4, 512, 2, 7850, 7855, 7852, 7866, 7870, 7875, 25
996, 0, 8, 13, 512, 3, 7860, 7865, 7862, 7881, 7885, 7890, 30
997, 0, 8, 4, 512, 2, 7870, 7875, 7872, 7886, 7890, 7895, 25
998, 0, 8, 13, 512, 3, 7880, 7885, 7882, 7901, 7905, 7910, 30
999, 0, 8, 4, 512, 2, 7890, 7895, 7892, 7906, 7910, 7915, 25
1000, 0, 8, 13, 512, 3, 7900, 7905, 7902, 7921, 7925, 7930, 30
1001, 0, 9, 14, 512, 3, 7900, 7905, 7902, 7921, 7925, 7930, 30
1002, 0, 8, 4, 512, 2, 7910, 7915, 7912, 7926, 7930, 7935, 25
1003, 0, 9, 14, 512, 3, 7910, 7915, 7912, 7931, 7935, 7940, 30
1004, 0, 8, 13, 512, 3, 7920, 7925, 7922, 7941, 7945, 7950, 30
1005, 0, 9, 14, 512, 3, 7920, 7925, 7922, 7941, 7945, 7950, 30
1006, 0, 8, 4, 512, 2, 7930, 7935, 7932, 7946, 7950, 7955, 25
1007, 0, 9, 14, 512, 3, 7930, 7935, 7932, 7951, 7955, 7960, 30
1008, 0, 8, 13, 512, 3, 7940, 7945, 7942, 7961, 7965, 7970, 30
1009, 0, 9, 14, 512, 3, 7940, 7945, 7942, 7961, 7965, 7970, 30
1010, 0, 8, 4, 512, 2, 7950, 7955, 7952, 7966, 7970, 7975, 25
1011, 0, 9, 14, 512, 3, 7950, 7955, 7952, 7971, 7975, 7980, 30
1012, 0, 8, 13, 512, 3, 7960, 7965, 7962, 7981, 7985, 7990, 30
1013, 0, 9, 14, 512, 3, 7960, 7965, 7962, 7981, 7985, 7990, 30
1014, 0, 8, 4, 512, 2, 7970, 7975, 7972, 7986, 7990, 7995, 25
1015, 0, 9, 14, 512, 3, 7970, 7975, 7972, 7991, 7995, 8000, 30
1016, 0, 8, 13, 512, 3, 7980, 7985, 7982, 8001, 8005, 8010, 30
1017, 0, 8, 4, 512, 2, 7990, 7995, 7992, 8006, 8010, 8015, 25
1018, 0, 8, 13, 512, 3, 8000, 8005, 8002, 8021, 8025, 8030, 30
1019, 0, 8, 4, 512, 2, 8010, 8015, 8012, 8026, 8030, 8035, 25
1020, 0, 8, 13, 512, 3, 8020, 8025, 8022, 8041, 8045, 8050, 30
1021, 0, 8, 4, 512, 2, 8030, 8035, 8032, 8046, 8050, 8055, 25
1022, 0, 8, 13, 512, 3, 8040, 8045, 8042, 8061, 8065, 8070, 30
1023, 0, 8, 4, 512, 2, 8050, 8055, 8052, 8066, 8070, 8075, 25
1024, 0, 8, 13, 512, 3, 8060, 8065, 8062, 8081, 8085, 8090, 30
1025, 0, 8, 4, 512, 2, 8070, 8075, 8072, 8086, 8090, 8095, 25
1026, 0, 14, 1, 512, 5, 8070, 8075, 8072, 8101, 8105, 8110, 40
1027, 0, 8, 13, 512, 3, 8080, 8085, 8082, 8101, 8105, 8110, 30
1028, 0, 14, 1, 512, 5, 8080, 8085, 8082, 8111, 8115, 8120, 40
1029, 0, 8, 4, 512, 2, 8090, 8095, 8092, 8106, 8110, 8115, 25
1030, 0, 14, 1, 512, 5, 8090, 8095, 8092, 8121, 8125, 8130, 40
1031, 0, 8, 13, 512, 3, 8100, 8105, 8102, 8121, 8125, 8130, 30
1032, 0, 14, 1, 512, 5, 8100, 8105, 8102, 8131, 8135, 8140, 40
1033, 0, 8, 4, 512, 2, 8110, 8115, 8112, 8126, 8130, 8135, 25
1034, 0, 14, 1, 512, 5, 8110, 8115, 8112, 8141, 8145, 8150, 40
1035, 0, 8, 13, 512, 3, 8120, 8125, 8122, 8141, 8145, 8150, 30
1036, 0, 14, 1, 512, 5, 8120, 8125, 8122, 8151, 8155, 8160, 40
1037, 0, 8, 4, 512, 2, 8130, 8135, 8132, 8146, 8150, 8155, 25
1038, 0, 14, 1, 512, 5, 8130, 8135, 8132, 8161, 8165, 8170, 40
1039, 0, 8, 13, 512, 3, 8140, 8145, 8142, 8161, 8165, 8170, 30
1040, 0, 14, 1, 512, 5, 8140, 8145, 8142, 8171, 8175, 8180, 40
1041, 0, 0, 10, 512, 5, 8935, 8940, 8937, 8966, 8970, 8975, 40
1042, 0, 0, 10, 512, 5, 8945, 8950, 8947, 8976, 8980, 8985, 40
1043, 0, 0, 10, 512, 5, 8955, 8960, 8957, 8986, 8990, 8995, 40
1044, 0, 0, 10, 512, 5, 8965, 8970, 8967, 8996, 9000, 9005, 40
1045, 0, 0, 10, 512, 5, 8975, 8980, 8977, 9006, 9010, 9015, 40
1046, 0, 0, 10, 512, 5, 8985, 8990, 8987, 9016, 9020, 9025, 40
1047, 0, 0, 10, 512, 5, 8995, 9000, 8997, 9026, 9030, 9035, 40
1048, 0, 0, 10, 512, 5, 9005, 9010, 9007, 9036, 9040, 9045, 40
1049, 0, 0, 10, 512, 5, 9015, 9020, 9017, 9046, 9050, 9055, 40
1050, 0, 0, 10, 512, 5, 9025, 9030, 9027, 9056, 9060, 9065, 40
1051, 0, 0, 10, 512, 5, 9035, 9040, 9037, 9066, 9070, 9075, 40
1052, 0, 0, 10, 512, 5, 9045, 9050, 9047, 9076, 9080, 9085, 40
1053, 0, 0, 10, 512, 5, 9055, 9060, 9057, 9086, 9090, 9095, 40
1054, 0, 0, 10, 512, 5, 9065, 9070, 9067, 9096, 9100, 9105, 40
1055, 0, 0, 10, 512, 5, 9075, 9080, 9077, 9106, 9110, 9115, 40
1056, 0, 0, 10, 512, 5, 9085, 9090, 9087, 9116, 9120, 9125, 40
1057, 0, 0, 10, 512, 5, 9095, 9100, 9097, 9126, 9130, 9135, 40
1058, 0, 0, 10, 512, 5, 9105, 9110, 9107, 9136, 9140, 9145, 40
1059, 0, 0, 10, 512, 5, 9115, 9120, 9117, 9146, 9150, 9155, 40
1060, 0, 0, 10, 512, 5, 9125, 9130, 9127, 9156, 9160, 9165, 40
1061, 0, 0, 10, 512, 5, 9135, 9140, 9137, 9166, 9170, 9175, 40
1062, 0, 0, 10, 512, 5, 9145, 9150, 9147, 9176, 9180, 9185, 40
1063, 0, 0, 10, 512, 5, 9155, 9160, 9157, 9186, 9190, 9195, 40
1064, 0, 0, 10, 512, 5, 9165, 9170, 9167, 9196, 9200, 9205, 40
1065, 0, 0, 10, 512, 5, 9175, 9180, 9177, 9206, 9210, 9215, 40
1066, 0, 0, 10, 512, 5, 9185, 9190, 9187, 9216, 9220, 9225, 40
1067, 0, 0, 10, 512, 5, 9195, 9200, 9197, 9226, 9230, 9235, 40
1068, 0, 4, 13, 512, 4, 9195, 9200, 9197, 9221, 9225, 9230, 35
1069, 0, 0, 10, 512, 5, 9205, 9210, 9207, 9236, 9240, 9245, 40
1070, 0, 4, 13, 512, 4, 9205, 9210, 9207, 9231, 9235, 9240, 35
1071, 0, 0, 10, 512, 5, 9215, 9220, 9217, 9246, 9250, 9255, 40
1072, 0, 4, 13, 512, 4, 9215, 9220, 9217, 9241, 9245, 9250, 35
1073, 0, 0, 10, 512, 5, 9225, 9230, 9227, 9256, 9260, 9265, 40
1074, 0, 4, 13, 512, 4, 9225, 9230, 9227, 9251, 9255, 9260, 35
1075, 0, 0, 10, 512, 5, 9235, 9240, 9237, 9266, 9270, 9275, 40
1076, 0, 4, 13, 512, 4, 9235, 9240, 9237, 9261, 9265, 9270, 35
1077, 0, 0, 10, 512, 5, 9245, 9250, 9247, 9276, 9280, 9285, 40
1078, 0, 4, 13, 512, 4, 9245, 9250, 9247, 9271, 9275, 9280, 35
1079, 0, 4, 13, 512, 4, 9255, 9260, 9257, 9281, 9285, 9290, 35
1080, 0, 4, 13, 512, 4, 9265, 9270, 9267, 9291, 9295, 9300, 35
1081, 0, 10, 8, 512, 3, 9270, 9275, 9272, 9291, 9295, 9300, 30
1082, 0, 4, 13, 512, 4, 9275, 9280, 9277, 9301, 9305, 9310, 35
1083, 0, 10, 8, 512, 3, 9280, 9285, 9282, 9301, 9305, 9310, 30
1084, 0, 4, 13, 512, 4, 9285, 9290, 9287, 9311, 9315, 9320, 35
1085, 0, 10, 8, 512, 3, 9290, 9295, 9292, 9311, 9315, 9320, 30
1086, 0, 4, 13, 512, 4, 9295, 9300, 9297, 9321, 9325, 9330, 35
1087, 0, 10, 8, 512, 3, 9300, 9305, 9302, 9321, 9325, 9330, 30
1088, 0, 4, 13, 512, 4, 9305, 9310, 9307, 9331, 9335, 9340, 35
1089, 0, 10, 8, 512, 3, 9310, 9315, 9312, 9331, 9335, 9340, 30
1090, 0, 4, 13, 512, 4, 9315, 9320, 9317, 9341, 9345, 9350, 35
1091, 0, 10, 8, 512, 3, 9320, 9325, 9322, 9341, 9345, 9350, 30
1092, 0, 4, 13, 512, 4, 9325, 9330, 9327, 9351, 9355, 9360, 35
1093, 0, 10, 8, 512, 3, 9330, 9335, 9332, 9351, 9355, 9360, 30
1094, 0, 4, 13, 512, 4, 9335, 9340, 9337, 9361, 9365, 9370, 35
1095, 0, 10, 8, 512, 3, 9340, 9345, 9342, 9361, 9365, 9370, 30
1096, 0, 4, 13, 512, 4, 9345, 9350, 9347, 9371, 9375, 9380, 35
1097, 0, 10, 8, 512, 3, 9350, 9355, 9352, 9371, 9375, 9380, 30
1098, 0, 10, 8, 512, 3, 9360, 9365, 9362, 9381, 9385, 9390, 30
1099, 0, 13, 9, 512, 2, 9370, 9375, 9372, 9386, 9390, 9395, 25
1100, 0, 10, 8, 512, 3, 9370, 9375, 9372, 9391, 9395, 9400, 30
1101, 0, 13, 14, 512, 2, 9380, 9385, 9382, 9396, 9400, 9405, 25
1102, 0, 10, 8, 512, 3, 9380, 9385, 9382, 9401, 9405, 9410, 30
1103, 0, 13, 9, 512, 2, 9390, 9395, 9392, 9406, 9410, 9415, 25
1104, 0, 10, 8, 512, 3, 9390, 9395, 9392, 9411, 9415, 9420, 30
1105, 0, 13, 14, 512, 2, 9400, 9405, 9402, 9416, 9420, 9425, 25
1106, 0, 10, 8, 512, 3, 9400, 9405, 9402, 9421, 9425, 9430, 30
1107, 0, 13, 9, 512, 2, 9410, 9415, 9412, 9426, 9430, 9435, 25
1108, 0, 10, 8, 512, 3, 9410, 9415, 9412, 9431, 9435, 9440, 30
1109, 0, 13, 14, 512, 2, 9420, 9425, 9422, 9436, 9440, 9445, 25
